77	Lass uns etwas versuchen!	3091	Essayons quelque chose !
1997623	Sind wir Freunde?	1996507	Sommes-nous amies ?
3306697	Nimm nur eine.	3285068	N'en prends qu'une.
1986366	Kann das noch warten?	1958238	Cela peut-il attendre ?
8087596	Wir können uns treffen.	4777471	Nous pouvons nous rencontrer.
5286341	Wir können warten.	4777478	Nous pouvons attendre.
7413685	Wir können es versuchen.	4777477	Nous pouvons tenter.
7413685	Wir können es versuchen.	4777475	Nous pouvons essayer.
7413685	Wir können es versuchen.	7971050	On peut essayer.
7413685	Wir können es versuchen.	5750393	Nous pouvons l'essayer.
5286340	Wir können sprechen.	4777474	Nous pouvons discuter.
7413684	Wir arbeiten alle.	4862861	Nous travaillons toutes.
7413684	Wir arbeiten alle.	4862860	Nous travaillons tous.
7413683	Wir wissen es alle.	4779859	Nous le savons tous.
7413683	Wir wissen es alle.	4779860	Nous le savons toutes.
8087597	Wir fahren morgen ab.	4805376	Nous partirons demain.
8087597	Wir fahren morgen ab.	6813786	Nous partons demain.
2927453	Wir haben Zeit.	4884695	Nous avons le temps.
2927453	Wir haben Zeit.	4775673	Nous sommes disponibles.
8087638	Sei mir bitte nicht böse!	8087635	Ne sois pas fâché contre moi s'il te plaît.
8087641	Maria, ich muss dir sagen, dass ich dich nicht mehr liebe.	8087640	Marie, je dois te dire que je ne t'aime plus.
8087643	Es ist schon gut.	1911447	C'est déjà bien.
8087823	Ich werde eine Dusche nehmen.	2039940	Je vais prendre une douche.
8087834	Ich mag kein kaltes Wasser.	8087826	Je n'aime pas l'eau froide.
8087847	Musste ich einfach nur springen?	8087871	Devrais-je simplement juste sauter ?
6376386	Sie wird ein Nein nicht akzeptieren.	8087900	Elle n'acceptera pas un non.
6140487	Sein Zimmer ist schmutzig.	8087901	Sa chambre est sale.
6625752	Ich würde es nicht tun wollen.	8087904	J'aimerais ne pas le faire.
3321657	Ich habe eine Kiwi und eine Kokosnuss.	8087912	J'ai un kiwi et une noix de coco.
1935130	Sie interessiert sich für dich.	8087931	Elle s'intéresse à toi.
1976880	Ich möchte wissen, warum Sie es getan haben.	8087937	J'aimerais savoir pourquoi vous l'avez fait.
6797677	Tom hatte den Tod kommen sehen: schon seit Tagen stand der Sarg neben seinem Bett.	8087949	Tom avait vu la mort arriver : depuis des jours, le cercueil était à côté de son lit.
1020094	Hallo, alle zusammen!	433728	Bonjour à tous.
2904319	Ich telefoniere jetzt gerade mit meiner Freundin.	1509314	Maintenant je parle avec mon ami au téléphone.
8088684	Könnte es sein, dass Tom besoffen ist?	2433047	Je pense qu'il se pourrait que Tom soit saoul.
8088685	Unseren Sohn haben wir Tom genannt.	2913679	Nous avons appelé notre fils "Tom".
8088688	Tom hat nachgeforscht.	2936792	Tom a enquêté.
8088689	Er hat die Absicht, früher aus dem Ausland zurückzukommen.	6139465	Il a l'intention de revenir au pays plus tôt.
8088697	Eine Gesellschaft, die sich nicht von Philosophen erleuchten lässt, wird von Scharlatanen betrogen.	858576	Toute société qui n'est pas éclairée par des philosophes est trompée par des charlatans.
8088698	Ab jetzt muss ich ganze Sätze schreiben.	3671569	Désormais je dois écrire des phrases complètes.
8088699	Lass uns später ein Glas zusammen trinken!	4578421	Rencontrons-nous pour prendre un verre, plus tard !
8088702	Sie hat sich in einen Schwulen vom Turnen verliebt.	7801873	Elle est tombée amoureuse d'un mec gay du gymnase.
8088705	Sie bemalt ihre Strümpfe.	1511223	Elle dessine sur ses chaussettes.
8088706	Sie sterben nicht.	4076224	Vous n'allez pas mourir.
8088708	Sie essen eure Kiwis.	5249066	Ils mangeront vos kiwis.
8088709	Es ist zu spät für dich.	7980538	C'est trop tard pour toi.
8088711	Ich wollte es nicht kaputtmachen.	8026971	Je ne voulais pas le gâcher.
5687900	Ich habe gesehen, wie er Sie angeguckt hat.	8088888	J'ai vu comment il vous a regardé.
8088974	Tom braucht viel Mut.	8088973	Tom a besoin de beaucoup de courage.
8088979	Tom braucht viel Mut und Ausdauer.	8088977	Tom a besoin de beaucoup de courage et de persévérance.
8088990	Tom braucht viel Mut und Ausdauer, weil er auf so viele Dinge gleichzeitig aufpassen muss.	8088983	Tom a besoin de beaucoup de courage et de persévérance, parce qu'il doit faire attention à tant de choses en même temps !
8088996	Maria hat viel Mut.	8088993	Marie a beaucoup de courage.
8048420	Er zog sich aus und stieg nackt zum Gestade hinunter.	2964829	Il se dévêtit et descendit nu vers la grève.
8089166	„Die Ampel war rot!“ – „Welche Ampel? Ich habe keine Ampel gesehen.“ – „Das habe ich bemerkt, Liebling!“	8089172	« Le feu était au rouge ! » « Quel feu ? Je n'ai pas vu de feu ! » « C'est bien ce que j'ai remarqué, chérie ! »
3883719	Ich hätte nie gedacht, dass ich ihn dort sehen würde.	8089190	Je n'aurais jamais pensé le voir là-bas.
3770740	Das Waschbecken ist aus Granit.	8089191	Le lavabo est en granit.
2264988	Egal!	1986112	Peu importe !
2264988	Egal!	2171067	Qu'importe !
8089500	Es gibt da etwas, was ich dir sagen muss.	1932652	Il y a quelque chose que je dois te dire.
3895054	Wir gehen heute Nacht.	8089914	Nous partons cette nuit.
8089915	Wir gehen heute Abend.	4805375	Nous partons ce soir.
627304	Sie vergaß ihren Schirm, also lieh ich ihr meinen.	8090271	Elle a oublié son parapluie, je lui ai donc prêté le mien.
503697	Sie hatte ihren Regenschirm vergessen, also habe ich ihr meinen geliehen.	8090271	Elle a oublié son parapluie, je lui ai donc prêté le mien.
1507620	Ich verspreche, dass ich niemals mehr irgendetwas versprechen werde.	8090274	Je promets que je ne promettrai plus jamais quelque chose.
4089776	Meine Kinder sprechen kein Französisch.	8090275	Mes enfants ne parlent pas français.
6174176	Die ersten Farbfilme gab es schon Ende des 19. Jahrhunderts.	8090277	Les premiers films en couleur existaient déjà à la fin du 19ème siècle.
2195690	Sie übertrieb ihre Leiden.	8090278	Elle exagérait ses maladies.
3846717	Was wird jetzt mit uns passieren?	8090279	Que va-t-il se passer pour nous maintenant ?
4615089	Was hat dich bewogen, deine Meinung zu ändern?	8090281	Qu'est-ce qui t'a poussé à changer d'avis ?
5537571	Ich mag keine teuren Geschenke. Ein kuschelig warmer Kaffee und ein Freund, der mich versteht, reichen mir.	8090284	Je n'aime pas les cadeaux qui coûtent cher. Un bon café chaud et un ami qui me comprend me suffisent.
7090781	Das ist der Gipfel der Frechheit.	8090286	C'est le paroxysme de l'insolence.
5190985	Tom gab wenig, aber er gab.	8090290	Tom donnait peu, mais il donnait.
6554407	O Tannenbaum, o Tannenbaum, wie treu sind deine Blätter!	8090293	Ô sapin, Ô sapin, comme ton feuillage est fidèle !
2557952	Welche Bücher hast du auf Französisch gelesen?	8090296	Quels livres as-tu lu en français ?
6776857	Meine Mutter hat den Kuchen gebacken.	8090298	Ma mère a fait le gâteau.
903542	Der Computer erkennt 200 verschiedene Arten von Fehlern.	3882291	L'ordinateur reconnaît deux cents types différents d'erreurs.
8090504	Das hat gedauert.	4395507	Ça a pris du temps.
1937356	Man bohrt leichter einen Brunnen, als dass man verfallene Brunnen aufdeckt.	8090553	Un puits est plus facile à forer qu'à remettre en état quand il s'est effondré.
743031	Sollen wir auf dich warten?	8090573	Faut-il que nous t'attendions ?
743031	Sollen wir auf dich warten?	8090574	Veux-tu que nous t'attendions ?
8090653	„Was hältst du vom Klimawandel?“ – „Der hat doch was für sich! Vielleicht ist das Meer dann näher, wenn der Spiegel steigt.“	8090662	« Qu'est-ce que tu penses du réchauffement climatique ? » « Tant mieux ! Du coup, la mer sera peut-être aussi plus proche, puisque l'eau des océans monte. »
8091173	Hast du gehört, was wir gesagt haben?	5150022	Tu as entendu ce que nous disions ?
8091198	Er spielt oft Klavier.	1503887	Il joue souvent du piano.
8091229	Ich esse im Klassenzimmer.	5249918	Je mange dans la salle de classe.
3741962	Hast du gehört, was ich gesagt habe?	4235265	As-tu entendu ce que j'ai dit ?
8091170	Haben Sie gehört, was ich gesagt habe?	4235264	Avez-vous entendu ce que j'ai dit ?
8091237	Habt ihr gehört, was ich gesagt habe?	4235264	Avez-vous entendu ce que j'ai dit ?
8091410	Wie dem auch sei, wir lassen uns nicht die Laune verderben!	8091409	Quoi qu'il en soit, ne nous laissons pas abattre !
8091227	Ich komme nicht, wenn es morgen regnet.	8091748	Je ne viendrai pas s'il pleut demain.
8091227	Ich komme nicht, wenn es morgen regnet.	8091751	Je ne viens pas s'il pleut demain.
8091228	Mir hat der Film nicht gefallen.	8091754	Le film ne m'a pas plu.
8091230	Ihr ist nicht kalt.	2070301	Elle n'a pas froid.
8091231	Sie friert nicht.	8091760	Elle ne gèle pas.
8091374	Die populärste Art, Arbeit einzusparen, ist immer noch Geld.	8091768	Le moyen le plus populaire d’économiser du travail, c'est encore d'avoir de l’argent.
8091806	Tom interessiert sich sehr für Biologie.	7957271	Tom s'intéresse beaucoup à la biologie.
8091811	Gott sei mit uns!	437512	Dieu soit avec nous.
8091841	Mein Vater mag seinen Kaffee stark.	5292348	Mon père aime son café corsé.
8091881	Dein Rat war von großer Hilfe.	7726714	Ton conseil a été d'une grande aide.
8091843	Maria sagte, sie habe nicht die Erlaubnis, das zu tun.	8092654	Manon disait qu'elle n'avait pas la permission de le faire.
6945545	Hilfe! Der Hund beißt mich!	6945548	À l'aide ! Je suis mordu par le chien.
6702502	Tom heiratete nach dem Tode seiner Frau erneut.	8092875	Tom s'est remarié après le décès de sa femme.
5288774	Ich wünschte, ich wäre nie geboren!	8092881	J'aurais souhaité n'être jamais né !
5288774	Ich wünschte, ich wäre nie geboren!	8092883	J'aurais voulu ne jamais naître.
7423839	Tom war den ganzen Morgen im Bett.	8092885	Tom est resté au lit toute la matinée.
3670395	Ich bin hinter dir.	8092896	Je suis derrière toi.
8093142	Ich weiß, wie schwer dir das fällt.	6935720	Je sais comme c'est difficile pour toi.
8093148	Ich will den größten Kuchen haben.	1496153	Je veux le plus grand gâteau.
8093149	Ich will den größten Kuchen.	1496153	Je veux le plus grand gâteau.
8093183	Sie versprach, sich mit ihm im Café zu treffen.	133961	Elle lui promit de le rencontrer au café.
1372340	Ich glaube alles, was er sagt.	1371451	Je crois tout ce qu'il dit.
8093192	Das ist mein Rat.	7986183	C'est mon conseil.
2624954	Er wurde wütend und schlug sie.	465429	Il se mit en colère et la frappa.
8093204	Tom sagte mir, er könne Französisch.	5359039	Tom m'a dit qu'il savait parler français.
8093207	Ich habe ihn noch nie gesehen.	1400468	Je ne l'ai jamais vu.
8093214	Tom ist immer noch gefährlich.	5151897	Tom est toujours dangereux.
1768966	Die wissen, was vor sich geht.	1777944	Elles savent ce qui se passe.
1768966	Die wissen, was vor sich geht.	1777943	Ils savent ce qui se passe.
8093273	Danke für alles, was du getan hast!	416379	Merci pour tout ce que tu as fait.
8093350	Unsere Zukunft sieht rosig aus!	8093335	Notre avenir s'annonce rose !
8093356	Ich werde nicht aufgeben!	8093357	Je n'abandonnerai pas !
6626399	Es gab drei Überlebende.	6307884	Il y eut trois survivants.
6626399	Es gab drei Überlebende.	6307882	Il y a eu trois survivants.
8094352	Die Hauptsache ist, nicht die Geduld zu verlieren.	8094346	L'essentiel est de ne pas perdre patience.
6370868	Bei Leuten, die etwas von der Kunst verstehen, bedarf es keiner Worte. Man sagt „Hm!“ „Ha!“ oder „Ho!“, und damit ist alles ausgedrückt.	8095233	Pour les personnes qui comprennent quelque chose à propos de l'art, il n'y a pas besoin de mots. On dit "Hm!" "Ha!" ou "Ho!", et avec cela tout est exprimé.
8095270	Ich möchte gern berühmt sein, aber unbekannt bleiben.	8095268	Je voudrais être illustre mais rester inconnu.
8095433	Seien Sie wachsam!	8095273	Soyez vigilant !
3934158	Er wohnt bei seiner Oma.	7647370	Il vit avec sa grand-mère.
8096066	Helfen wir ihm!	8089086	Aidons-le !
8096072	Helfen wir ihr!	8096071	Aidons-la !
8096087	Was für eine wunderschöne Stadt!	8096082	Quelle belle ville !
8096110	Der Film ist phantastisch. Er ist ein richtiges Meisterwerk.	8096109	Le film est fantastique, c'est un vrai chef-d'œuvre.
8096124	Wir haben nicht kommen können, weil das Auto kaputt war.	8096120	Nous n'avons pas pu venir, car la voiture était en panne.
8096244	Wir haben die Nachricht ihres Todes erhalten.	8096241	Nous avons reçu la nouvelle de sa mort.
8096476	Sie machte ihre Mutter glücklich.	4760592	Elle a rendu sa mère heureuse.
8096512	Geige spielen erfordert viel Übung.	13066	Jouer du violon nécessite beaucoup de pratique.
8096642	Ich will das hören.	6000402	Je veux entendre ça.
8096642	Ich will das hören.	2435750	Je veux entendre ceci.
8096707	Ich wohne auf der anderen Straßenseite.	2383474	Je vis de l'autre côté de la rue.
8096708	Ich wohne gegenüber.	2900585	J'habite en face.
7004147	Ich wollte nur mal hallo sagen.	2252311	Je voulais juste dire bonjour.
8096714	Für Zweifel ist kein Platz mehr.	829235	Il n'y a plus de place pour le doute.
8096715	Er verließ das Büro in aller Eile.	781420	Il a quitté le bureau en toute hâte.
8096716	Wir machen Frühstück.	7362074	On prépare le petit déjeuner.
8096716	Wir machen Frühstück.	5256539	Nous faisons le petit déjeuner.
8096733	Ich dachte, das wäre vielleicht von Nutzen.	2137683	Je pensais que ça pourrait être utile.
8096736	Ich will noch etwas haben.	1776274	Je veux quelque chose de plus.
8096717	Ich will meinem Land dienen.	5289118	Je veux servir mon pays.
8097058	Glaub ihm nicht!	1589195	Ne le crois pas !
8097070	Ich konnte nicht verstehen, was gesagt wurde.	5305003	Je n'ai pas pu entendre ce qui était dit.
8097110	Das mache ich nie wieder.	13915	Je ne le referai plus.
7678009	Als Student habe ich ein Tagebuch geführt.	8097522	Étudiant, je tenais un journal.
3388876	Warum hast du denn mit deinem Netztagebuch aufgehört? Das habe ich immer so gern gelesen!	8097533	Pourquoi as-tu donc cessé de rédiger ton journal en ligne ? Je le lisais toujours avec tant de plaisir !
1777651	Wir gehen.	2460119	Nous irons.
2514763	Sie ist nach Deutschland gezogen.	4614016	Elle a déménagé en Allemagne.
8097990	Tom will nicht mit dir reden.	7764346	Tom ne veut pas te parler.
8097990	Tom will nicht mit dir reden.	6045311	Tom ne veut pas parler avec toi.
3844822	Wenn das so ist, umso besser.	8097993	Si c'est le cas, tant mieux.
2336636	Ich habe keine Ahnung, was das bedeutet.	6716664	Je n'ai aucune idée de ce que cela signifie.
2336636	Ich habe keine Ahnung, was das bedeutet.	6285801	Je n'ai aucune idée de ce que ceci signifie.
3355979	Du brauchst nicht zu sprechen.	2288647	Tu n'as pas besoin de parler.
8098004	Ihr braucht nicht zu sprechen.	2288646	Vous n'avez pas besoin de parler.
8098003	Sie brauchen nicht zu sprechen.	2288646	Vous n'avez pas besoin de parler.
8098016	Er war schon einmal dort gewesen.	4710873	Il y avait été auparavant.
3331905	Du hast Tom zum Weinen gebracht.	3470426	Tu as fait pleurer Tom.
8098084	Hast du den Schlüssel zu diesem Zimmer?	7769858	Est-ce que tu as les clés de cette pièce ?
8098086	Habt ihr den Schlüssel zu diesem Zimmer?	7769859	Avez-vous les clés de cette pièce ?
8098087	Haben Sie den Schlüssel zu diesem Zimmer?	7769859	Avez-vous les clés de cette pièce ?
8098088	Als Papa nach Hause kam, sah ich gerade fern.	1515327	Quand papa arriva à la maison, je regardais la télévision.
8098088	Als Papa nach Hause kam, sah ich gerade fern.	6864362	Lorsque papa est rentré à la maison, je regardais la télévision.
8098094	Wer ist Tatoeba? Deine neue Freundin?	4675172	C'est qui Tatoeba ? Ta nouvelle petite amie ?
8098095	Analysten reden bereits von einer möglichen „Pfund-Kernschmelze“.	8098098	Les analystes parlent déjà d'un possible « effondrement de la livre ».
8098144	Wir wissen, was passiert ist.	6965855	On sait ce qui s'est passé.
8098144	Wir wissen, was passiert ist.	6965852	Nous savons ce qu'il s'est passé.
8098174	Tom fischt gern.	5146482	Tom aime pêcher.
8098183	Das ist eine saublöde Frage!	1809082	C'est une question idiote !
728131	Gestern war Sonntag, nicht Sonnabend.	864894	Hier, c'était dimanche, pas samedi.
728131	Gestern war Sonntag, nicht Sonnabend.	848050	Hier c'était dimanche, pas samedi.
8098233	Warst du die ganze Nacht hier?	4872095	Étais-tu ici toute la nuit ?
8098242	Wart ihr die ganze Nacht hier?	4872096	Étiez-vous ici toute la nuit ?
8098245	Waren Sie die ganze Nacht hier?	4872096	Étiez-vous ici toute la nuit ?
1343410	Sie sah aufgeregt aus.	15597	Elle avait l'air excitée.
8098709	Ich werde ihn morgen fragen.	1144481	Je lui demanderai demain.
8098715	Ich werde sie morgen fragen.	1144481	Je lui demanderai demain.
8098720	Das sind alles Kanadier.	2859808	Ils sont tous Canadiens.
2402717	Ich glaube nicht, dass das die Wahrheit ist.	5397744	Je ne crois pas que ça soit la vérité.
397939	Ich habe sie vor einer Stunde getroffen.	13962	Je l'ai rencontrée il y a une heure.
8098800	Ich sehe jemanden.	5599813	Je vois quelqu'un.
8098812	Warum warst du im Gefängnis?	3846393	Pourquoi étais-tu en prison ?
8098813	Warum waren Sie im Gefängnis?	3846394	Pourquoi étiez-vous en prison ?
8098814	Warum wart ihr im Gefängnis?	3846394	Pourquoi étiez-vous en prison ?
8098820	Gute Reise und bis bald!	8098816	Bonne route et à bientôt !
783311	Er macht Physik.	8098839	Il fait de la physique.
4225652	Warum hassen Sie ihn?	8098841	Pourquoi le détestez-vous ?
6641730	Warum willst du das?	8098842	Pourquoi tu veux ça ?
1586833	Ich glaube, dass dieser Satz ohne Fehler ist.	8098848	Je crois que cette phrase est sans faute.
4841019	Du hast mir das beigebracht.	3470506	Tu m'as appris cela.
8098870	Da ist eine Frau im Zimmer.	7666156	Il y a une femme dans la pièce.
8099059	Ich war darüber sehr erfreut.	6930135	J'en étais très heureuse.
8099059	Ich war darüber sehr erfreut.	6930134	J'en étais très heureux.
8099072	Wir haben ein Hotel nahe den Museen gewählt.	6631094	Nous avons choisi un hôtel près des musées.
8099092	Ich glaube, du hast das getan.	4232402	Je pense que tu l'as fait.
8099100	Ich glaube, du bist es, die das getan hat.	4232405	Je pense que c'est toi qui l'as fait.
8099101	Ich glaube, du bist es, der das getan hat.	4232405	Je pense que c'est toi qui l'as fait.
1913426	Das ist nicht passiert.	6841257	Cela ne s'est pas produit.
8099116	Es gibt offenbar ein Problem.	6939927	Il y a clairement un problème.
8099148	Verletzte Bären sind gewöhnlich gefährlich.	5551355	Les ours blessés sont habituellement dangereux.
8099169	Unsere Mannschaft kann gewinnen.	3642723	Notre équipe peut gagner.
1192466	Hast du etwas gesagt?	955113	As-tu dit quelque chose ?
8099635	Sie haben vor, ihre Freunde zu besuchen.	8099620	Ils ont prévu de rendre visite à leurs amis.
8099641	Sie haben vor, ihre Freunde in Paris zu besuchen, bevor sie nach Berlin weiterfahren.	8099638	Ils ont prévu de rendre visite à leurs amis à Paris avant de continuer pour Berlin.
8099691	Wenn Sie die Romantische Straße entlangradeln, fahren Sie am Schloss Neuschwanstein vorbei.	8099663	Si vous faites la route romantique en vélo, vous passez devant le château de Neuschwanstein.
8099725	Ich habe einfach ja gesagt, ohne zu überlegen.	8099724	J'ai simplement dit oui sans réfléchir.
8099791	Ich kann nicht aufhören zu weinen.	1224435	Je ne peux pas m'arrêter de pleurer.
2369802	Er hatte drei Schusswunden in der Brust.	8100036	Il a eu trois blessures par balle dans le torse.
2750038	Ein Lernender, der viel liest, vergrößert seinen Wortschatz rasch.	8100046	Un étudiant qui lit beaucoup augmente son vocabulaire rapidement.
7105055	Das ist eine Binsenweisheit.	8100054	C'est une lapalissade.
2981121	Leihst du mir bitte dein Wörterbuch?	8100059	Peux-tu me prêter ton dictionnaire s'il te plait ?
3099928	Ich gab ihr ein paar Süßigkeiten.	8100062	Je lui ai donné quelques bonbons.
3255436	Toms Unterschrift ist nicht zu lesen.	8100067	La signature de Tom n'est pas lisible.
3878434	Du hast ein Loch in deiner Socke.	8100071	Tu as un trou dans ta chaussette.
2404524	Er studierte an einer Universität im Ausland.	8100075	Il étudiait dans une université à l'étranger.
2457899	Tom möchte sich rasch und leicht fremde Sprachen aneignen.	8100083	Tom voudrait s'approprier rapidement et facilement les langues étrangères.
6313819	Sie war schon eingeschlafen.	8100086	Elle était déjà endormie.
2236334	Wird er sich dann noch daran erinnern, was Sie ihm versprochen haben?	8100091	Se souviendra-t-il encore ce que vous lui avez promis ?
2236086	Wird er sich dann noch daran erinnern, was du ihm versprochen hast?	8100093	Se souviendra-t-il encore ce que tu lui as promis ?
3210374	Die Schule hat heute Spaß gemacht.	8100097	L'école a été amusante aujourd'hui.
935646	Ich frage mich, ob an diesem Gerücht etwas dran ist.	8100103	Je me demande si cette rumeur a quelque chose de vrai.
2305597	Wir hatten einen Zwischenstop in Chicago.	8100107	Nous avons une escale à Chicago.
2830852	„Bei Tom waren die Augen wieder größer als der Mund“, erzählte Oma. „Er hat sich den Teller randvoll geladen, aber am Ende hat er nicht einmal die Hälfte geschafft.“	8100113	« Tom a encore eu les yeux plus gros que le ventre », dit mamie. « Il a rempli son assiette à ras bord, mais à la fin il n'a même pas réussi à en finir la moitié. »
8100114	Lassen Sie uns später ein Glas zusammen trinken!	4578421	Rencontrons-nous pour prendre un verre, plus tard !
2976110	Ich weiß nicht, warum alle so müde sind.	8100115	Je ne sais pas pourquoi tout le monde est aussi fatigué.
4329692	Als ich ihm die Nachricht mitteilte, sah er glücklich aus.	8100123	Lorsque je l'ai informé du message, il avait l'air heureux.
4842043	Ich wiege die Butter ab.	8100124	Je pèse le beurre.
4882545	Ohne dich wäre ich nicht die Gleiche.	8100136	Sans toi je ne serais pas la même.
8100335	Ich habe heute meinen zehntausendsten Satz auf Französisch verfasst.	8097526	J’ai aujourd’hui rédigé ma dix-millième phrase en français.
8100337	Bei schönem Wetter kann man von Helsinki aus die Küste von Estland sehen.	8096032	Par beau temps, on peut voir la côte estonienne depuis Helsinki.
8100338	Heute Abend spielen wir Karten.	8096026	On jouera aux cartes, ce soir.
8100341	Das ist eine unbeschreibliche Sauerei.	8089144	C’est d’une connerie sans nom.
8100343	Willst du ihn waschen lassen?	8089139	Veux-tu le faire laver ?
8100344	Wollen Sie ihn waschen lassen?	8089138	Voulez-vous le faire laver ?
8100348	Bist du nicht auf Arbeitssuche?	8089129	N’es-tu pas en quête d’emploi ?
8100350	Sind Sie nicht auf Arbeitssuche?	8089127	N’êtes-vous pas en recherche d’emploi ?
8100352	Wenn ich dieses Bild sehe, muss ich immer weinen.	8089123	Je pleure toujours lorsque je vois ce tableau.
8100353	Kann das wahr sein?	8089120	Cela peut-il être vrai ?
8100354	Ich kann es einfach nicht glauben, dass das wirklich passiert.	8089118	Je ne parviens pas à croire que cela ait vraiment lieu.
8100358	Ich bin es nicht gewohnt, so weite Wege zu gehen.	8089087	Je ne suis pas habituée à marcher sur de longues distances.
8100359	Ich weiß noch nicht, worum es geht.	8079902	J’ignore encore de quoi il s’agit.
8100366	Das Hauptproblem der Vollidioten ist, dass sie keinen blassen Schimmer haben, dass sie welche sind.	8079883	Le problème principal des cons c’est qu’ils sont dépourvus du moindre moyen de savoir qu’ils le sont.
8100369	Früchte verderben bei Gewitter.	8079843	Les fruits se gâtent par temps d’orage.
8100370	Wir mussten die Erde verlassen, um sie mit einem Blick erfassen zu können.	8068723	Il nous fallait quitter la Terre pour pouvoir l’embrasser d’un seul regard.
8100373	Und dann kam, was kommen musste.	8002849	Est arrivé ce qui devait arriver.
8100485	Beim Aussteigen aus dem Zug machte er einen Salto über seinen Koffer, aber glücklicherweise ist ihm nichts passiert.	8100479	En descendant du train, il a fait un salto par-dessus sa valise, mais heureusement il n'a rien eu.
8100508	„Sie sind Maria Poppins, nicht wahr ?“ – „Ja, in der Tat, mein Vorname ist Maria und Poppins ist mein Mädchenname.“	8100500	« Vous êtes Marie Poppins, n'est-ce pas ? » « Oui, en effet, mon prénom est Marie et Poppins est mon nom de jeune fille. »
8100510	„Sie sind Maria Poppins, nicht wahr ?“ – „Ja, in der Tat, mein Vorname ist Maria und Poppins ist mein Mädchenname. Aber woher wissen Sie das?“	8100509	« Vous êtes Marie Poppins, n'est-ce pas ? » « Oui, en effet, mon prénom est Marie et Poppins est mon nom de jeune fille. Mais comment le savez-vous ? »
8100511	Das Übersetzen von Texten mit all seinen Schwierigkeiten und holprigen Versuchen hat der Menschheit einen unersetzlichen Reichtum beschert. Die lehrreichen Wege, die man beim Übergang von einem geistigen Universum in ein anderes gefunden hat, all die Schätze am Wegesrand, sie dürfen nicht verloren gehen. Es wäre ein herber Verlust für die Menschheit.	7962232	L’expérience humaine de la traduction, de sa difficulté, de ses tâtonnements, constitue une richesse irremplaçable. Les passages d’un univers mental à un autre, les voyages instructifs qui en découlent, les écarts qu’on y explore ne doivent pas être annulés. On y perdrait en humanité.
8100517	Die Gefahr ist vorbei.	7874002	La menace est levée.
8100520	Kein Zutritt für Besucher.	7871639	Les visiteurs ne sont pas autorisés ici.
8100522	Mein Rechner ist abgestürzt.	7866577	Mon ordi est planté.
8100523	Das muss das Glück sein!	7866581	Ah quel bonheur !
8100524	Ich habe mein Kabel vergessen.	7866578	J’ai oublié mon câble.
8100526	Ich habe so getan, als könnte ich kein Französisch.	7862377	J’ai fait semblant de ne pas comprendre le français.
8100527	Ich habe lange hin und her überlegt, aber nichts gefunden.	7862373	Après y avoir réfléchi en long, en large et en travers, je n’ai abouti à rien.
8100528	Wir versuchen alle zu gewinnen.	7861716	Nous tentons tous de gagner.
8100529	Ein langer Winter kündigt sich an.	7861617	L’hiver s’annonce long.
8100530	Es wird ein langer Winter.	7861615	L’hiver va être long.
8100531	Ich habe eine Liste.	7861613	Je dispose d’une liste.
8100532	Mein Vater hat mir gesagt, wo ich hin muss.	7860257	Mon père m’a indiqué où me rendre.
8100533	Die menschliche Grausamkeit kennt keine Schranken.	7860225	La cruauté humaine est sans limites.
8100535	Direkt nachdem ich es gemacht hatte, habe ich gemerkt, dass es ein Fehler war.	7860219	J’ai pris conscience que c’était une erreur dès que je l’ai fait.
8100536	Ich habe einen Krampf im linken Bein.	7860215	Je ressens une sorte de crampe dans la jambe gauche.
8100537	Hier ist niemand.	7841751	Il n'y a personne aux alentours.
2653180	Mein Freund will ein eigenes Auto haben.	8100538	Mon ami veut avoir sa propre voiture.
8100539	Ihr seid nicht witzig.	7841735	Vous n'êtes pas amusants.
8100540	Wir sollten uns keine Sorgen machen.	7841727	Nous ne devrions avoir aucun souci.
8100541	Das geht problemlos.	7841724	Ça sera sans problème.
5964452	Ich möchte dir meinen Sohn vorstellen.	8100542	Je voudrais te présenter mon fils.
2301788	Es gibt keine Geschwindigkeitsbegrenzung.	7841714	Il n'y a pas de limite de vitesse.
8100543	Mir hat nie jemand geglaubt.	7840037	Personne ne m'a jamais cru.
4356747	Nein, das stimmt nicht.	7840034	Non, ce n'est pas cela.
7452642	Wir haben nichts mehr zu essen.	7840033	Nous n'avons plus de nourriture.
8100545	Du hättest nein sagen können.	7840032	Tu aurais pu dire non.
5432328	Du machst mich sehr nervös.	8100547	Tu me rends très nerveux.
8100548	Sie hätten nein sagen können.	7840031	Vous auriez pu dire non.
2812940	Sie haben keine neuen Nachrichten.	7840029	Vous n'avez plus de messages.
8100550	Wir haben auch nicht mehr Informationen.	7840028	Nous ne disposons pas davantage d'information.
8100552	Nein, du verstehst nicht.	7840021	Non, tu ne comprends pas.
8100554	Nein, Sie verstehen nicht.	7840019	Non, vous ne comprenez pas.
8100557	Wir sind nicht in Eile.	7840015	Nous ne sommes pas pressées.
8100559	Du wirst kein Problem haben.	7840008	Tu n'auras pas de problème.
2506109	Ich glätte mir jeden Tag die Haare.	8100561	Je me brosse les cheveux tous les jours.
8100562	Sie werden kein Problem haben.	7840007	Vous n'aurez pas de problème.
8100577	Ich werde nicht kommen, wenn es morgen regnet.	8091748	Je ne viendrai pas s'il pleut demain.
8100583	Warum wollen Sie das machen?	8091727	Pourquoi voulez-vous faire ceci ?
8100590	Schließen Sie ab!	8085891	Fermez !
8100664	Tom ist Vater geworden.	7698834	Tom est devenu père.
8100671	Gebeichtete Sünden sind halb vergeben.	4208	Péché avoué est à moitié pardonné.
2602625	Diese Mischung ist gefährlich.	8100711	Ce mélange est dangereux.
5084623	Jetzt geht’s mir schon besser.	7701117	Je me sens mieux maintenant.
5268182	Wenn du eine Frage hast, heb bitte die Hand.	8100730	S'il te plaît, lève la main quand tu as une question !
3350876	Diese Farbe steht Ihnen gut.	8100738	Cette couleur vous va bien.
1714523	Ich färbe mir die Haare braun.	8100742	Je me teins les cheveux en brun.
1931092	Toms Eltern waren beide Lehrer.	8100743	Les parents de Tom étaient tous deux enseignants.
4732350	Das schmeckt wie Hühnchen.	8100744	Ça a le goût du poulet.
3332800	Treffen wir uns um halb drei!	8100747	Rendez-vous à deux heures et demie !
1996545	Weiß Tom, wer ich bin?	8100750	Tom, sait-il qui je suis ?
6968793	Kennst du eine bessere Methode?	8100754	Connais-tu une meilleure méthode ?
5341238	Sie interessiert sich für Musik.	4760230	Elle s'intéresse à la musique.
7012051	Warum muss ich das lernen?	8100760	Pourquoi dois-je apprendre ça ?
6015789	Du gibst es mir.	8100763	Tu me le donnes.
2176624	Der Bus fasst 50 Leute.	8100766	Le bus contient 50 personnes.
8100768	Ich esse Couscous.	8089184	Je mange du couscous.
894874	Was wollen Sie tun?	8101070	Que voulez-vous faire ?
8101173	Der Personalleiter möchte Sie gern kennenlernen.	8101159	Le directeur du personnel aimerait faire votre connaissance.
8101228	Obwohl die Stelle schon besetzt ist, möchte der Personalleiter Sie zu einem Gespräch treffen.	8101193	Bien que le poste soit déjà occupé, le directeur du personnel aimerait vous rencontrer pour un entretien.
8101571	Niemand hat Sie wiedererkannt.	7839835	Personne ne vous a reconnues.
8101572	Niemand hat dich wiedererkannt.	7839834	Personne ne t'a reconnue.
8101572	Niemand hat dich wiedererkannt.	7839833	Personne ne t'a reconnu.
2165558	Es gibt keinen Grund, sich zu entschuldigen.	7839828	Il n'est pas nécessaire de s'excuser.
8101582	Keiner hat auch nur mit der Wimper gezuckt.	7839640	Personne ne cilla même.
8101583	Es gibt keinen perfekten Ort.	7839638	Aucun endroit n'est parfait.
8101584	Es gibt keine Verlierer.	7839637	Il n'y a pas de perdants.
8101585	Sie hatten keine Kinder.	7839633	Ils n'avaient pas d'enfants.
8101587	Das ist nicht anders.	7839632	Ce n'est pas différent.
8101589	Das kann keiner wissen.	7839619	Personne ne peut savoir.
8101590	Es gab keine Veränderung.	7839618	Il n'y eut pas de changement.
8101593	Bargeld wurde nicht akzeptiert.	7839234	L'argent liquide n'était pas accepté.
8101594	Es wurde niemand gefangen genommen.	7839233	On ne fit aucun prisonnier.
8101599	Niemand anderes sprach.	7839227	Personne d'autre ne parla.
8101601	Es wurde auf kein Tier geschossen.	7839226	On n'a tiré sur aucun animal.
8101603	Es gibt keine Toiletten.	7839223	Il n'y a pas de toilettes.
8101615	Du musst das einsehen.	885246	Il faut te faire une raison.
8101618	Es tut mir leid, dass sie ihre Prüfung nicht geschafft hat.	133631	Je suis désolé qu'elle ait raté son examen.
8101625	Sie zog ihren Mantel an und ging.	872445	Elle mit son manteau et partit.
1500308	Na gut!	885245	Allons bon !
8101629	Es ist überhaupt nicht leicht, eine Fremdsprache zu beherrschen.	9470	Il n'est en aucune manière aisé de maîtriser une langue étrangère.
8101634	Ein Erfolg ist wahrscheinlicher, wenn der Unternehmer sich auskennt und über eine größere Menge Geld verfügt.	10494	Les chances de succès sont plus grandes si l'homme d'affaire s'y connaît et aussi s'il dispose de davantage de fonds.
8101637	Bring die Säcke nach oben!	12030	Porte les sacs à l'étage.
8101638	Auf all diesen Waren liegt eine hohe Steuer.	11518	Toutes ces marchandises sont lourdement taxées.
1809167	Er lief vor mir her.	132348	Il marchait devant moi.
8101644	Nach seinem Unfall hat er gesundheitlich abgebaut.	10492	Sa santé s'est dégradée depuis l'accident.
8101649	Sie behaupten, ein UFO gesehen zu haben? Jetzt aber mal ehrlich!	885244	Vous dites avoir vu un OVNI ? Allons donc !
8101651	Sein Tod hat eine Lücke in unserem Leben hinterlassen.	130300	Sa mort a laissé un vide dans nos vies.
8099127	Tom hätte nie entlassen werden dürfen.	8101736	Tom n'aurait jamais dû être viré.
5363434	Meinem Freund sage ich alles.	8102464	Je dis tout à mon ami.
5449813	Es wird bald wärmer werden.	8102465	Il va bientôt faire plus chaud.
8103088	Ich schlafe nie.	5666934	Je ne dors jamais.
8103223	Das hättest du mir eher sagen können.	6290667	Tu aurais pu me le dire avant.
8103258	Er ist bei seinen Eltern.	4718660	Il est avec ses parents.
7850381	Hör auf, mich zu schlagen!	7850382	Arrête de me battre !
8103299	Hören Sie auf, mich zu schlagen!	1925529	Arrêtez de me frapper !
8103301	Hört auf, mich zu schlagen!	1925529	Arrêtez de me frapper !
8103307	Die Périgord-Trüffel wächst vorwiegend unter Eichen.	7774895	La truffe du Périgord pousse surtout sous les chênes.
8103308	Die Périgord-Trüffel wächst vor allem unter Eichen.	7774895	La truffe du Périgord pousse surtout sous les chênes.
3516966	Das ist nicht meine Katze.	7793849	Ce chat n'est pas le mien.
8103387	Sie sagt, sie ruft dich später an.	138848	Elle dit qu'elle t'appellera plus tard.
8103391	Die Kinder eines armen blinden Kämpfers für Menschenrechte zu bedrohen, indem man seiner kleinen Tochter verbietet, zur Schule zu gehen, ist ein Zeichen außergewöhnlicher Feigheit. Eine Regierung, die zu solcher Niederträchtigkeit greift, verdient keinen Respekt ihrer Bevölkerung.	1559865	Menacer les enfants d'un pauvre militant des droits de l'homme aveugle, dont la petite fille est déjà interdite de se rendre à l'école, est une lâcheté extrême. Un gouvernement qui commet ce genre d'infamie ne mérite aucun respect de la part de sa population.
8103397	Ich bin kein Analphabet.	3502526	Je ne suis pas analphabète.
8103398	Ich bin keine Analphabetin.	3502526	Je ne suis pas analphabète.
8103485	Wie lange bist du schon in Australien?	6461292	Depuis combien de temps es-tu en Australie ?
8103486	Wie lange seid ihr schon in Australien?	6461293	Depuis combien de temps êtes-vous en Australie ?
8103487	Wie lange sind Sie schon in Australien?	6461293	Depuis combien de temps êtes-vous en Australie ?
8104329	Verzeihung! Ich habe deinen Vornamen vergessen.	8104320	Pardon ! J'ai oublié ton prénom.
8104341	Verzeihung! Ich habe deinen Vornamen vergessen. Ach nein, ich hab's! Du heißt Julia!	8104334	Pardon ! J'ai oublié ton prénom. Ah non, j'y suis ! Tu t'appelles Julie !
2929497	Beruhig dich und sei gelassen!	8104370	Calme-toi et reste tranquille !
6642209	Tom weiß nicht, wo wir sind.	8104383	Tom ne sait pas où nous sommes.
5228739	Das ist absurd.	364426	C'est absurde.
2784662	Ich danke Ihnen für die schönen Blumen.	8104389	Je vous remercie pour les belles fleurs.
3399718	Ich hoffe, dein Aufenthalt bei uns gefällt dir.	8104420	J'espère que ton séjour chez nous t'a plu.
8104484	Er war auf eine Goldmine gestoßen.	1821990	Il était tombé sur une mine d'or.
8104486	Er ist ein bisschen geizig.	3127725	Il est un peu radin.
8104491	Du bist die, die ich gesucht habe.	1612214	C'est toi, celle que je cherchais.
8104498	Da übertreibst du, mein Lieber.	2928708	Là, mon vieux, tu exagères.
8104501	Wir waren Fahrgäste.	5366444	Nous étions passagers.
8104502	Alles, was ich brauche, ist ein bisschen Zeit.	2447887	Je ne veux qu'un supplément de temps.
8104503	Du kannst andere Leute einladen.	1631058	Tu peux inviter d'autres personnes.
8104514	Das ist für mich durchaus glaubhaft.	2421348	Je n'ai aucun problème à gober ça.
8104515	Dieser See ist sehr tief.	7007283	Ce lac est très profond.
8104516	Sie haben gefastet.	2563995	Vous jeûniez.
8104518	Seine Erklärungen waren so verworren, dass ich Probleme hatte, ihm zu glauben.	3255721	Ses explications étaient si confuses que j'avais du mal à le croire.
8104520	In Zeiten des Internets wird aus einem angesehenen Herausgeber ein billiger Textlieferant.	1196086	À l'ère de l'Internet, le noble titre d'éditeur a été relégué à l'insipide « fournisseur de contenu ».
8104521	Ich arbeite zurzeit recht wenig.	2415837	Je ne travaille guère, ces temps-ci.
8104523	Sie soll endlich ihren Arsch hochkriegen!	3975390	Qu'elle s'y colle !
8104524	Welche Sprachen lernst du?	7481796	Quelles langues étudies-tu ?
8104526	Sie ist nach Japan zurückgekehrt.	1460551	Elle retourna au Japon.
8104527	Das Huhn hat ein Ei gelegt.	2966717	La poule a pondu un œuf.
8104529	Linda geht schlafen.	4064289	Linda va dormir.
3845294	Man mag ihn, weil er nett ist.	8104761	On l'aime parce qu'il est gentil.
7883735	Ich kann es wieder in die Schublade tun, wenn du willst.	8104769	Je peux le remettre dans le tiroir si tu veux.
8104818	Das ist für die Katze!	8104817	C'est pour le chat !
8057347	Jede gerade Zahl, größer als zwei, ist die Summe zweier Primzahlen.	8038349	Tout nombre pair supérieur à deux est la somme de deux nombres premiers.
8105115	Ich will das auch nicht tun.	6556148	Je ne veux pas faire ça non plus.
8105212	Sei bescheidener!	899508	Sois plus modeste.
8105345	Ich habe mir eine Beule ins Auto gefahren.	2371390	Je cabossais ma voiture.
8105346	Ich habe das Zimmer im ersten Stock an einen Studenten vermietet.	4181116	J'ai loué la chambre du premier étage à un étudiant.
8105347	Das ist ihre Strategie.	5579344	C'est leur stratégie.
8105348	Wer hat Ihnen dazu die Erlaubnis gegeben?	7141637	Qui vous a donné la permission de faire cela ?
8105349	Ich denke nicht, dass wir das machen müssen.	7797125	Je ne pense pas que nous avons besoin de faire cela.
8105351	Normalerweise führe ich auf Reisen ein Tagebuch.	880001	En général, je tiens un journal quand je voyage.
8105352	Sie machte einen traurigen Eindruck, als sie diesen Brief las.	1003777	Elle semblait avoir un visage triste quand elle a lu cette lettre.
8105353	Tom wollte die ganze Nacht mit Maria tanzen.	5643065	Tom a voulu danser avec Marie toute la nuit.
8105354	Du hast die Versammlung verschoben.	2914272	Tu as ajourné la réunion.
8105355	Der alte König ist tot.	8105350	Le vieux roi est mort.
8105356	Du hast deine Verabredungen abgesagt.	2914296	Tu annulais tes rendez-vous.
8105357	Ich weiß nicht, worauf du wartest.	2318894	Je ne sais pas ce que tu attends.
8105358	Ich habe sie gebeten zu helfen.	6707185	Je leur ai demandé d'aider.
8105359	Letzte Woche waren sechs Leute im Konzert.	6817941	Il y avait six personnes au concert de la semaine dernière.
8105360	Sie mag keinen Zucker im Kaffee.	1573072	Elle aime le café sans sucre.
8105361	Ich bin zu alt für dich.	1947523	Je suis trop vieille pour toi.
8105362	Wie hoch ist das Mindesteinkommen in Syrien?	3326913	Quel est le salaire minimum en Syrie ?
8105363	Auf dass er lange lebe!	130022	Puisse-t-il vivre longtemps !
8105364	Das Schicksal der Geiseln hängt vom Ergebnis der Verhandlungen ab.	332262	Le destin des otages dépend du résultat de la négociation.
8105365	Wer von uns ist schon perfekt?	1605924	Lequel d'entre nous est parfait ?
8105367	Der alte König ist tot, es lebe der König!	8105366	Le vieux roi est mort, vive le roi !
8105373	Franzosen gegenüber muss man arrogant auftreten.	8105378	Il faut apparaître arrogant envers les Français.
1905204	Eines regnerischen Abends fuhr er ein Auto.	1189576	Un soir de pluie, il conduisait une voiture.
8106276	Damals auf meinen alten, gelben Fahrrad, habe ich geträumt.	8106246	Autrefois sur mon vieux vélo jaune, je rêvais.
8106470	„Wohin hast du denn das Auto gestellt?“ – „Auf den Parkplatz.“	8106467	« Où as-tu donc mis la voiture ? » « Sur le parking. »
8106480	Machen Sie sich keine Sorgen, er ist zuverlässig.	8106474	Ne vous faites pas de soucis, on peut compter sur lui.
8106486	Machen Sie sich keine Sorgen, er ist zuverlässig, er kommt immer pünktlich.	8106482	Ne vous faites pas de soucis, on peut compter sur lui, il vient toujours à l'heure.
786574	Es ist keine große Sache.	3201	Ce n'est pas important.
8106872	Ich habe einen Artikel über dieses Problem gelesen.	808383	J'ai lu un article sur ce problème.
8106873	Ich habe keinen Zweifel, dass er talentiert ist.	1278753	Je ne doute pas qu'il soit talentueux.
8106874	Ich habe 100 € im Lotto gewonnen.	4281925	J'ai gagné cent euros à la loterie.
8106878	Ich bin in einem alten Haus groß geworden mit einem riesigen Keller voller Spinnen und einem Garten. Das ist der Grund, warum ich mich so für Spinnen interessiere.	4464194	J'ai grandi dans une vielle maison avec une grosse cave pleine d'araignées et un jardin. C'est pour cela que je suis devenu un passionné des araignées.
8106879	Sie sang ein schönes Lied.	5291853	Elle chanta une belle chanson.
403784	Ihre Enttäuschung war für alle offensichtlich.	550979	Chacun pouvait facilement constater sa déception.
8106924	Seine Enttäuschung war für alle offensichtlich.	550979	Chacun pouvait facilement constater sa déception.
8106930	Du hast früher geraucht.	2297885	Tu fumais.
8107103	Gib uns einen Moment!	6843806	Donne-nous un moment.
8107104	Wir sehen uns dann übermorgen!	1101499	Rencontrons-nous après-demain.
8107105	Er war darüber nicht glücklich.	2219608	Il n'en a pas été heureux.
8107106	Das ist mir noch nie passiert.	5380363	Ça ne m'est jamais arrivé.
8107107	Sie wollten wissen, wie spät es ist.	2371292	Elles demandaient l'heure.
8107108	Drücken Sie auf diesen Knopf!	2903742	Appuyez sur le bouton ici.
8107109	Ich spreche nicht gut Mandarinchinesisch.	5268619	Je ne parle pas bien le mandarin.
8107110	Sind Sie schon wach?	5682776	Êtes-vous déjà réveillée ?
8107112	Sie hat mir zugelächelt, als ich sie auf der Straße traf.	134554	Elle me sourit lorsqu'elle me croisa dans la rue.
8107114	Dieses Mädchen hat das nicht tun können.	2123370	Cette fille n'a pas pu faire une chose pareille.
8107115	Rufen Sie mich ruhig an!	7701674	N'hésitez pas à m'appeler !
8107116	Man kann verrückt vor Liebe sein und dadurch den Verstand verlieren.	1480134	On peut être fou d'amour, et en perdre la raison.
8107117	Wir haben keine Zeit verloren.	2076585	Nous n'avons pas perdu de temps.
8107827	Es gibt nichts Wichtigeres als Empathie.	705215	Rien n'est plus important que l'empathie.
421834	Wollen Sie noch ein Stück Kuchen?	6891025	Voulez-vous une autre part de tarte ?
8107829	Ungefähr zwanzig Personen wurden verletzt.	3269186	Environ vingt personnes ont été blessées.
8107830	Das ist überhaupt nicht Ihre Schuld.	5384587	C'est nullement de votre faute.
8107951	Die Erde ist eine große Kugel.	8107945	La Terre est une grosse boule.
8108062	Du wärest derjenige, der es wüsste.	4188725	Tu serais celui qui le saurait.
8108063	Wem in Ihrer Familie fühlen sie sich am meisten verbunden?	6859902	De qui êtes-vous les plus proches dans votre famille ?
8108065	Zum Ende des Jahres bekomme ich meinen Führerschein.	3047255	J'aurai mon permis à la fin de l'année.
8108067	Samuel war vier Jahre lang auf dem Gymnasium.	6488707	Sami a passé quatre ans au lycée.
8108069	Wenn Sie etwas getrunken haben, könnte vielleicht ihr Partner die Rückfahrt übernehmen.	2114397	Si vous avez bu, peut-être que votre conjoint peut vous reconduire chez vous.
8108071	Du bist ganz schön sauer.	2228829	Tu es fort en colère.
8108072	Es ist schon länger bekannt, dass es zwischen einem übermäßigen Alkoholkonsum und dem Risiko einer Demenz einen Zusammenhang gibt.	3422539	On savait depuis déjà un certain temps qu'il existe un lien entre la consommation considérable d'alcool et les risques de dommages cérébraux.
8108073	Gestern bin ich gefahren.	4604466	C'est moi qui ai conduit hier.
7093221	Kennen Sie den Unterschied?	6716688	Savez-vous quelle est la différence ?
8108074	Das ist etwas, was die Frauen schon wissen.	3224990	C'est une chose que les femmes savent déjà.
8108076	Es gibt auf alles eine Antwort.	7109598	Chaque question a sa réponse.
1204299	Er lebt über seine Verhältnisse.	660500	Il vit au-dessus de ses moyens.
8108078	Maria ist schon da, aber Wilhelm ist noch nicht gekommen.	2336435	Marie est déjà là, mais Bill n'est pas encore arrivé.
8108079	Das ist doch der reine Wahnsinn!	4704963	C'est de la folie pure.
8108081	Sie sprechen mit einem Nachbarn.	4924571	Vous parlez avec un voisin.
8108083	Tom hat gesagt, dass er ein paar Minuten zu spät dran ist.	5800793	Tom a dit qu'il avait quelques minutes de retard.
2696099	Sag bitte ja!	3646769	Je te prie de dire oui.
8110260	Dieser Hut ist aus Australien.	3630391	Ce chapeau est d'Australie.
8110274	Sie hat mir eine Nachricht hinterlassen.	1933648	Elle m'a laissé une note.
8110276	Sie hinterließ mir eine Nachricht.	1933647	Elle me laissa une note.
3301273	Ich spreche kein Türkisch.	3765583	Je ne parle pas le turc.
8110736	Wir wissen nichts.	4886486	Nous ne savons rien.
8110736	Wir wissen nichts.	6965844	On ne sait rien.
8110737	Was macht dich glauben, dass ich deine Hilfe will?	2026079	Qu'est-ce qui te fait penser que je veuille ton aide ?
8110740	Was macht euch glauben, dass ich eure Hilfe will?	2026080	Qu'est-ce qui vous fait penser que je veuille votre aide ?
8110738	Was macht Sie glauben, dass ich Ihre Hilfe will?	2026080	Qu'est-ce qui vous fait penser que je veuille votre aide ?
2799116	Der Jogurt ist köstlich.	8110887	Le yaourt est délicieux.
8110890	Magst du Geistergeschichten?	8110880	Est-ce que tu aimes les histoires de fantômes ?
3018798	Willst du meine Freundin werden?	8110884	Est-ce que tu veux être ma petite-amie ?
8110897	Haben Sie eine Erklärung?	8110895	Est-ce que vous avez une explication ?
8111047	Tut mir leid, dass ich bei deiner Party nicht dabei sein konnte.	2373405	Je suis désolé de ne pas avoir pu assister à ta fête.
8111048	Die Regierung hat ihre Macht vom Kaiser bekommen.	4708695	Le gouvernement a reçu son autorité de l'empereur.
8111049	Wir haben noch zu tun.	5426405	Nous avons davantage à faire.
8111118	Das Yoghurt ist köstlich.	8110887	Le yaourt est délicieux.
8111119	Es vergeht keine Sekunde, in der ich nicht an dich gedacht hätte.	8110886	Il ne se passe pas une seconde pendant laquelle je ne pense pas à toi.
8111137	So glücklich nun auch alles vollbracht sein mochte, so räumte sie das doch nie ein. Es war ihre Maxime, dass Lob sich mit der Würde eines Lehrers nicht vertrage und dass Tadel in mehr oder weniger unbeschränktem Maße unvermeidlich dazugehöre.	8111117	Quelque parfaits que fussent ces exercices, jamais il ne lui échappait un mot d’éloge : c’était une de ses maximes, que la louange est incompatible avec la dignité du maître, et que le blâme, à tort ou à raison, est indispensable.
8111198	Menschliche Wesen – vornehmlich Kinder – versagen sich selten das Vergnügen, eine Gewalt auszuüben, wenn sie des Besitzes derselben sich bewusst sind, selbst wenn diese Gewalt nur in der Fähigkeit bestände, andere elend zu machen.	8111235	Les enfants, plus encore que les hommes, se font un plaisir d’exercer l’influence qu’ils possèdent, alors même que la douleur en est le seul résultat.
5861262	Ich würde gerne unter vier Augen mit Tom sprechen.	4992763	J'aimerais parler à Tom seul.
5861262	Ich würde gerne unter vier Augen mit Tom sprechen.	5371806	J'aimerais parler avec Tom seul à seul.
7836987	Amüsieren sich alle?	2097450	Est-ce que tout le monde s'amuse ?
8112368	Die folgen mir nicht.	3271959	Ils ne me suivent pas.
8112418	Tom ging durch die Sicherheitsschleuse.	3108622	Tom a traversé le portique de sécurité.
8112713	Ich habe Tom in der Bibliothek getroffen.	5301083	J'ai rencontré Tom à la bibliothèque.
8112833	Ich bin dann in der Bibliothek.	7124872	Je serai à la bibliothèque.
8112968	Haben Sie ein Messer?	6365662	Avez-vous un couteau ?
8112969	Habt ihr ein Messer?	6365662	Avez-vous un couteau ?
7769567	Hast du ein Messer?	6365661	Tu as un couteau ?
8113300	Wir können nicht mehr schreiben.	2551809	Nous ne pouvons plus écrire.
8114864	Das habe ich gerade gesagt.	8114734	Je viens de le dire.
2407975	Das Leben ist kurz und seine Zeit zu verlieren ist eine Sünde.	8114886	La vie est courte et c'est péché de perdre son temps.
1046870	Sie ist niedergeschlagen.	1644551	Elle est déprimée.
2202101	Ich sehe aus wie ein Rentier.	8115165	J'ai l'air d'un renne.
905522	Hat er viel Freizeit?	8115166	A-t-il beaucoup de temps libre ?
2790468	Rings um das Dorf dehnt sich der Felder Schar bis an den Horizont.	8115198	À l'entour du village, la nappe des champs s'étale jusqu'à l'horizon.
2522183	Ich glaube Tom nicht.	8115204	Je ne crois pas Tom.
8114990	Diese Geschichte macht mir Angst!	8115218	Cette histoire me fait peur !
5699249	Morgen lese ich mehr als heute.	8115286	Demain, je lirai plus qu'aujourd'hui.
5699249	Morgen lese ich mehr als heute.	8115288	Demain, je lirai davantage qu'aujourd'hui.
4727656	Tom zeigte uns ein Bild von seiner Mutter.	8115291	Tom nous montra une image de sa mère.
8115098	Der Computer ist ausgeschaltet.	8115120	L'ordinateur est éteint.
8115715	Wir wollen das Beste hoffen.	8324	Espérons le meilleur.
8115724	Sie fragte, ob ich ein Taxi brauche.	1940644	Elle demanda si j'avais besoin d'un taxi.
8115765	Sie haben ganz Recht!	8115764	Vous avez tout à fait raison !
8115767	Da haben Sie ganz Recht!	8115766	Là, vous avez tout à fait raison !
8115259	Ich kann dich beschützen.	5545435	Je peux te protéger.
8115223	Das ist nicht realistisch.	6716608	Ce n'est pas réaliste.
8115222	Vermisst du deine Frau?	5022097	Ta femme te manque ?
8115222	Vermisst du deine Frau?	4469183	Ta femme te manque-t-elle ?
8116268	Meine erste Frau ist mir weggelaufen, als ich Deutsch gelernt habe, und meine zweite, als ich angefangen habe, Chinesisch zu lernen.	8116255	Ma première femme s'est enfuie quand j'ai appris l'allemand, et ma deuxième, quand j'ai commencé à apprendre le chinois.
8116276	Ich habe vor drei Jahre angefangen, Deutsch zu lernen.	8116272	J'ai commencé à apprendre l'allemand il y a trois ans.
8116288	Woher stammen eigentlich die Germanen?	8116280	Au fait, d'où viennent les Germains ?
8116372	Wo hat der Germane Arminius die Römer besiegt?	8116349	Où le Germain Arminius a-t-il vaincu les Romains ?
2065260	Er ist kein Raucher.	8116457	Il n'est pas fumeur.
1498489	Ich glaube, du machst dir zu viele Sorgen.	8116472	Je crois que tu te fais beaucoup trop de soucis.
1401531	Wir sprechen uns noch!	8116477	Nous nous parlons encore !
8116570	Beeilt euch! Sonst kann ich euch nicht in die Schule mitnehmen.	8116561	Dépêchez-vous ! Sinon je ne pourrai pas vous amener à l'école.
5741728	Tom glaubt das nicht.	5730104	Tom ne le croit pas.
8116597	Du bist ein Teil des Problems.	4561961	Tu fais partie du problème.
8116598	Sie sind ein Teil des Problems.	4561960	Vous faites partie du problème.
8116599	Ihr seid ein Teil des Problems.	4561960	Vous faites partie du problème.
3369321	Ihr seid Teil des Problems.	4561960	Vous faites partie du problème.
8116605	Ich verstehe nicht, was mit euch los ist. Habt ihr keine Lust aufzustehen oder seid ihr einfach wieder eingeschlafen?	8116595	Je ne comprends pas ce qui vous arrive. N'avez-vous pas envie de vous lever ou vous êtes-vous simplement rendormis ?
4319898	Sie sind weniger aktiv als Ihr Bruder.	8116613	Ils sont moins actifs que leur frère.
8116616	Sie wartete auf den Bus.	2387330	Elle attendait le bus.
7374166	Wir sind verrückt.	8116620	Nous sommes fous.
782574	Ich liebe ihn.	1189908	Je l'aime.
8116996	Können Sie mich bitte morgen früh wecken?	8116994	Pourriez-vous me réveiller demain matin, s'il vous plaît ?
8117017	Ich brachte ihm eine Tasse Kaffee.	7686365	Je lui ai apporté une tasse de café.
8117018	Ich brachte ihr eine Tasse Kaffee.	7686365	Je lui ai apporté une tasse de café.
8117287	Na, Mutter, was gibt's?	1172202	Eh bien! ma mère, de quoi s'agit-il?
8117290	Das U-Boot ist abgetaucht.	3177628	Le sous-marin est sous l'eau.
8117293	Zum Glück ist bei dir alles okay.	3446553	Heureusement, tout va bien avec toi.
8117294	Wir haben das am 20. Oktober gemacht.	7355703	Nous l'avons fait le 20 octobre.
8117297	Frühmorgens wurden wir vom Pfeifen eines Zugs geweckt.	1264495	Nous fûmes éveillés, au point du jour, par le sifflement d'un train.
8117299	Es ist nicht schwer, englisch zu sprechen.	6332005	Il n'est pas difficile de parler anglais.
8117300	Das war widerlich.	6556114	C'était dégoûtant.
8117302	Ich mag keine Leute.	6892292	Je n'aime pas les gens.
8117307	Was soll denn der Schwachsinn? Deinem Opa die Zähne zu klauen!	7696411	Quel vaurien tu fais, tu voles les dents de ton grand-père !
8117309	Die Schönheit, so kam es mir vor, sie gleicht dem Gipfel des Bergs: Hat man ihn einmal erklommen, geht nachher alles bergab.	134759	Il me semblait que la beauté était pareille à un sommet de pic de montagne ; une fois atteint il ne reste plus qu'à descendre.
8117402	Die Schönheit, so wollte mir scheinen, gleicht der Spitze eines Berges. Hat man sie einmal erreicht, bleibt nur mehr der Weg nach unten.	134759	Il me semblait que la beauté était pareille à un sommet de pic de montagne ; une fois atteint il ne reste plus qu'à descendre.
8117474	Bananen mag ich lieber als Äpfel.	1147026	Je préfère les bananes aux pommes.
8117475	Diese Ehre verdiene ich nicht.	1147756	Je ne mérite pas cet honneur.
432441	Wehe den Besiegten!	1157566	Malheur aux vaincus !
8117476	Erinnere mich daran, das nie wieder zu tun!	6545588	Rappelle-moi de ne jamais refaire cela.
8117477	Die zwei sind für Tom.	6863706	Les deux sont à Tom.
8117478	Warum willst du kein Kleid anziehen?	2019404	Pourquoi ne veux-tu pas porter de robe ?
8117479	Du solltest besser das tun, was man dir sagt.	3172816	Tu ferais mieux de faire comme on te dit.
8117480	Der Atem des Kranken ging langsam.	4254629	La respiration du malade était lente.
8117481	Es weht ein eisiger Nordwind.	1493821	La bise glaciale souffle.
8117482	Rohkost ist gut für die Gesundheit, vorausgesetzt man kann sie verdauen.	3258569	Si on peut les digérer, les légumes crus font du bien à la santé.
8117483	Ich bin dankbar.	5578713	Je suis reconnaissant.
8117484	Hast du das ganze Chaos hier verursacht?	6937001	Est-ce que tu es celui qui a causé ce bordel ?
8117485	Hat Tom eine Arbeit?	5367371	Tom a-t-il un travail ?
8117486	Tom ist ein Halsabschneider.	7414332	Tom est un requin.
8117487	Zugang für Hunde nur mit Maulkorb.	5383855	Les chiens sont autorisés uniquement avec une muselière.
1772577	„Wo ist mein Telefon?“ — „Das ist auf meinem Schreibtisch.“	8117645	« Où est mon téléphone ? » « Il est sur mon bureau. »
2092127	Heute habe ich einen Mann kennengelernt, der auch malen kann.	8117649	Aujourd'hui, j'ai fait la connaissance d'un homme qui sait peindre.
1399166	Ich würde mich gern mit ihm treffen.	1058966	Je voudrais le rencontrer.
8117679	Ist es möglich, zum Mittagessen draußen zu sitzen?	8117669	Est-il possible d'être assis dehors pour déjeuner ?
8117723	„Guten Tag! Ich möchte für Dienstag einen Tisch reservieren.“ – „Um wie viel Uhr wünschen Sie zu essen?“ – „Um dreizehn Uhr.“	8117716	« Bonjour, j'aimerais réserver une table pour mardi. » « À quelle heure désirez-vous manger ? » « À treize heures. »
8117734	Lasst mich in Frieden, Kinder! Ich will fernsehen.	8117733	Laissez-moi tranquille, les enfants, je veux regarder la télévision.
3352007	Haben Sie einen Korkenzieher?	8117737	Avez-vous un tire-bouchon ?
6956827	Ich konnte mich nicht entscheiden.	8117741	Je ne pouvais pas me décider.
8117745	Wo ist der Korkenzieher?	8117743	Où est le tire-bouchon ?
8117748	„Wo ist der Korkenzieher?“ – „Der liegt irgendwo in einer Schublade.“	8117746	« Où est le tire-bouchon ? » « Il est quelque part dans un tiroir. »
8117767	Gib mir bitte den Korkenzieher!	8117766	Donne-moi le tire-bouchon, s'il te plaît !
8118800	Das ist ja eklig!	8118796	C'est dégoûtant !
8118838	Was? Sie essen diese Schweinereien? Das ist ja eklig!	8118812	Quoi ? Vous mangez ces cochonneries ? Mais c'est dégoûtant !
1658992	Sie starteten zur gleichen Zeit.	136640	Ils ont commencé en même temps.
8119103	Ich mag Leute nicht.	6892292	Je n'aime pas les gens.
1341652	Sie warf mir einen bedeutungsvollen Blick zu.	8119382	Elle m'a jeté un regard plein de signification.
8119715	Traue seinen Worten nicht.	1850180	Ne te fie pas à ce qu'il dit !
8120117	Mein Bruder war sehr glücklich über die Lederhosen, die ich ihm mitgebracht habe.	8120111	Mon frère était très content des pantalons de cuir que je lui ai rapportés.
8119965	Was macht er hier?	5931667	Que fait-il ici ?
8120805	„Na, wie hat dir der Film gefallen?“ – „Ich habe von dem, was passiert ist, nicht viel mitgekriegt.“	8120804	« Eh bien, comment as-tu trouvé le film ? » « Je n'ai pas saisi grand-chose de ce qui s'est passé. »
7798780	Weißt du, wie Toms Hund heißt?	8120806	Sais-tu comment s'appelle le chien de Tom ?
2854964	Tom kann jeden Moment kommen.	4610441	Tom peut venir à tout moment.
3173471	Bist du reich?	8120807	Es-tu riche ?
3302133	Nicht weinen!	2144545	Ne pleure pas !
7024693	Wo passiert es?	8120808	Où ça se passe ?
3102616	Warum bin ich so müde?	8118987	Pourquoi suis-je si fatigué ?
8119326	Ich bin dumm und weiß nicht, warum.	8119324	Je suis stupide et je ne sais pas pourquoi.
8122017	„Na, wie hat dir der Film gefallen?“ – „Das Ende hat mich total überrascht, auch wenn es mir jetzt ganz logisch erscheint.“	8121977	« Eh bien, comment as-tu trouvé le film ? » « La fin m'a totalement surprise, même si elle me paraît tout à fait logique maintenant. »
8122153	Welche willst du?	8120089	Lequel veux-tu ?
5686079	Wie war die Reise?	8122822	Comment était le voyage ?
6644893	Gib mir mein Geld.	8122823	Donne-moi mon argent.
2633912	Tom ist sechzehn Jahre alt. Die anderen Jungen sind erst fünfzehn.	8122829	Tom a seize ans. Les autres garçons n'ont que quinze ans.
5590981	Meine Freunde sind mir wichtig.	8122836	Mes amis sont importants pour moi.
6970714	Tom hat viel nachgedacht.	8122849	Tom a beaucoup réfléchi.
8122864	Ich habe viel nachgedacht. Ich bleibe.	8122859	J'ai beaucoup réfléchi. Je reste.
8123425	Tom hat vergessen, seine Miete zu bezahlen.	5655266	Tom a oublié de payer son loyer.
8123644	Ich bleibe, wenn es regnet.	4833490	Je resterai, s'il pleut.
8123671	Ich sah, wie sie ihn umringten.	7542	Je les ai vus l'entourer.
8123717	Zeig mir die Zeitungen von heute.	378585	Montre-moi les journaux d'aujourd'hui.
8123775	Tom mag keine Schokolade.	6884479	Tom n'aime pas le chocolat.
8124096	Ich bin gar nicht beschäftigt.	4862818	Je ne suis pas occupée du tout.
8124096	Ich bin gar nicht beschäftigt.	4862817	Je ne suis pas occupé du tout.
7982638	Ich möchte mit einem Anwalt sprechen.	8124300	Je voudrais parler à un avocat.
7817238	Ich muss zurück an die Arbeit.	8124304	Je dois retourner au travail.
7451669	Du hast Zeit.	4040774	Tu as le temps.
7456440	Iss mit uns.	8124315	Mange avec nous !
7456457	Ich hasse sie.	8124324	Je la déteste.
6645270	Du bist toll.	5386527	Tu es génial.
6645546	Das ist toll.	2190365	C'est génial.
6714387	Es war groß.	8124332	C'était grand.
6643989	Ich nehme das.	8124333	Je prends ça.
8124368	Im Dunkeln geschehen komische Dinge.	8124362	Dans l'obscurité, il se passe des choses bizarres.
8124473	Wo sitzen wir? Unten oder oben?	8124451	Où sommes-nous assis ? En bas ou en haut ?
8124735	Die Schauspielerin Marlene Dietrich sprach fließend Deutsch, aber mit leichtem amerikanischen Akzent.	8124733	L'actrice Marlène Dietrich parlait couramment l'allemand, mais avec un léger accent américain.
5647350	Er hat das Schießpulver nicht erfunden.	2283406	Ce n'est pas une lumière.
3763532	Was schlägst du zu machen vor?	1201914	Que proposes-tu de faire ?
8126690	Diese Frage habe ich mir schon hundertmal gestellt.	8126673	Je me suis posé cette question cent fois.
8126730	Ich lerne selbständig Französisch.	8126794	J'apprends le français seule.
7593145	Das Buch ist dort.	7664136	Le livre est là-bas.
2152277	In der nordirischen Hauptstadt gibt es eine Madrider Straße, die abrupt an der Berliner Mauer endet. Das imposante Bauwerk besteht aus Ziegeln, Eisen und Stahl. Es ist mehr als sieben Meter hoch und mit Stacheldraht und Metallspitzen bewehrt.	8127448	Dans la capitale nord-irlandaise, il y a une rue de Madrid qui débouche brusquement sur le mur de Berlin. Le bâtiment impressionnant se compose de briques, de fer et d'acier. Il mesure plus de sept mètres de haut et est renforcé de fils barbelés et de pointes métalliques.
495528	Mit einem Wort, das Leben ist kurz.	539862	En un mot, la vie est courte.
7898013	Ich bin in der Autowaschanlage.	8127809	Je suis à la station de lavage.
7898013	Ich bin in der Autowaschanlage.	8020901	Je suis au lave-auto.
2057370	Beim Lachen bin ich nie um einen Grund verlegen.	8127889	Je ris pour un oui ou pour un non.
1894226	Wir müssen Tom retten!	8026382	Il faut sauver Tom.
8128295	Wenn du doch nur etwas leiser sein könntest!	1099749	Si seulement tu pouvais être un peu plus tranquille !
8128354	„Um wie viel Uhr kommst du mich abholen?“ – „Um 6 Uhr“ – „Prima! Ich freue mich.“	8128338	« À quelle heure viendras-tu me chercher ? » « À 6 heures. » « Super ! Je suis content. »
8128359	Ich kenne das Passwort nicht.	2504312	J'ignore le mot de passe.
8128359	Ich kenne das Passwort nicht.	2504311	Je ne connais pas le mot de passe.
8128363	„Wann sind Sie geboren?“ – „Am 1. April.“	8128360	« Quand êtes-vous né ? » « Le 1er avril. »
8128386	Wie lange braucht man zum Stadion?	9211	Combien faut-il de temps pour aller au stade ?
8128385	Wie lange braucht man, um zum Stadion zu kommen?	9211	Combien faut-il de temps pour aller au stade ?
8129184	Es ist so lecker!	8129180	Qu'est-ce que c'est bon !
8129217	Musst du das ertragen?	8129206	Dois-tu supporter cela ?
8129885	Ken ist ein geborener Anführer.	1136750	Ken est un leader né.
784171	Mein Großvater ist mit achtzig immer noch rührig.	8130446	Mon grand-père est encore dynamique à quatre-vingts ans.
7284977	Hat er einen Bruder?	8130454	A-t-il un frère ?
1503252	Mach den Motor aus.	8130464	Arrête le moteur !
6938834	Ich bin glücklich, das zu hören.	8130472	Je suis heureux d'entendre ça.
1258855	Du kannst es mir glauben.	1157293	Tu peux me croire.
6109131	Der Urlaub hat mich eine Stange Geld gekostet.	8130478	Les vacances m'ont coûté beaucoup d'argent.
8130663	Ich suche meinen kleinen Spiegel.	8130658	Je cherche mon petit miroir.
8130680	Ich habe sie sofort wiedererkannt, denn sie hat sich gar nicht verändert.	8130668	Je l'ai tout de suite reconnue car elle n'a pas changé du tout.
8130704	Sie scheint mit ihrer neuen Stelle sehr zufrieden zu sein.	8130700	Elle semble très contente de son nouveau poste.
8033462	Es gibt viel schlecht bezahlte Arbeit.	8130733	Il y a beaucoup de travail mal payé.
8028869	Ich bin sicher, dass ich euch fehlen werde.	8130736	Je suis sûr que vous allez me manquer.
8028862	Ich bin sicher, dass ihr mich nicht vermissen werdet.	8130742	Je suis sûr que vous ne me manquerez pas.
8131950	Das kann geschehen.	3931644	Ça peut arriver.
8131993	Der Mechaniker setzte den Motor zusammen.	1066212	Le mécanicien assembla le moteur.
8132000	Ich will nicht, dass die Leute mich hassen.	5386366	Je ne veux pas que les gens me détestent.
8132000	Ich will nicht, dass die Leute mich hassen.	5386364	Je ne veux pas que les gens me haïssent.
8132078	Könntet ihr das bitte wiederholen?	13592	Pouvez-vous répéter cela, s'il vous plaît ?
8132043	Was wolltet ihr sagen?	8132091	Que vouliez-vous dire ?
8123751	Das ist nicht weiter schwierig.	8132093	Ce n'est pas particulièrement difficile.
8118934	Isst du Fisch?	3138814	Manges-tu du poisson ?
2026782	Warum kaufen Sie hier ein? Das ist alles teuer.	8132109	Pourquoi faire les commissions ici ? Tout est cher.
8132116	Das ist alles, was ich bekommen habe.	4871995	C'est tout ce que j'ai obtenu.
2344961	Wo kann ich eine Bürste bekommen?	8132120	Où puis-je me procurer une brosse ?
8132124	Ich will mit Tom unter vier Augen sprechen.	2825187	Je veux parler avec Tom seul à seul.
8132133	Er zog den Hut.	4706292	Il a levé son chapeau.
8132140	Ich sehe, du bist soweit.	5741769	Je vois que tu es prête.
8132140	Ich sehe, du bist soweit.	3359147	Je vois que tu es prêt.
8132141	Ich sehe, Sie sind soweit.	5741770	Je vois que vous êtes prête.
8132141	Ich sehe, Sie sind soweit.	5741771	Je vois que vous êtes prêt.
8132141	Ich sehe, Sie sind soweit.	5741772	Je vois que vous êtes prêtes.
8132141	Ich sehe, Sie sind soweit.	5741773	Je vois que vous êtes prêts.
8132142	Ich sehe, ihr seid soweit.	5741772	Je vois que vous êtes prêtes.
8132142	Ich sehe, ihr seid soweit.	5741773	Je vois que vous êtes prêts.
8132161	Mein Bruder hätte mir fast den Verstand geraubt.	817462	Mon frère me rendit presque fou.
8132160	Mein Bruder hätte mich fast um den Verstand gebracht.	817462	Mon frère me rendit presque fou.
3064393	Wir haben alles gesehen.	4778074	Nous avons tout vu.
3159994	Willst du’s mal versuchen?	2040733	Veux-tu essayer ?
3159994	Willst du’s mal versuchen?	2040735	Veux-tu t'y essayer ?
3159994	Willst du’s mal versuchen?	3524550	Est-ce que tu veux essayer ?
8132302	Kannst du es versuchen?	4614498	Tu peux essayer ?
8132304	Können Sie es versuchen?	2464970	Pouvez-vous essayer ?
8132303	Könnt ihr es versuchen?	2464970	Pouvez-vous essayer ?
8133476	Ich habe das nie zu dir gesagt.	2859687	Je ne t'ai jamais dit cela.
8133476	Ich habe das nie zu dir gesagt.	7689422	Je ne te l'ai jamais dit.
8134614	Wenn ich schlechte Laune habe, singe ich.	4983166	Si je suis de mauvaise humeur, je chante.
8134712	Das passiert mir auch.	3682159	Cela m'arrive aussi.
8134712	Das passiert mir auch.	3684737	Ça m'arrive aussi.
8134796	Mehr ist nicht immer besser.	5079248	Plus n'est pas toujours mieux.
8134952	Tom war nie ehrgeizig.	5603479	Tom n'a jamais été ambitieux.
8134957	Ist das gerecht?	4547303	Est-ce juste ?
635621	Sie ist fast so groß wie du.	1977863	Elle est presque aussi grande que toi.
8135050	Sie ist etwa so groß wie du.	1010535	Elle est grande à peu près comme toi.
8135058	Ich habe bemerkt, dass Sie gestern Abend nicht zu Hause waren.	7802594	J'ai remarqué que vous n'étiez pas chez vous hier soir.
8135055	Ich habe bemerkt, dass du gestern Abend nicht zu Hause warst.	7802593	J'ai remarqué que tu n'étais pas à la maison hier soir.
8135057	Ich habe bemerkt, dass ihr gestern Abend nicht zu Hause wart.	7802594	J'ai remarqué que vous n'étiez pas chez vous hier soir.
8135100	Ich glaube seine Geschichte nicht.	127744	Je ne crois pas à son histoire.
8135613	Sie hat mir ein Hemd gegeben.	7811409	Elle m'a donné une chemise.
1500222	Alle Jungen sind gleich alt.	1460680	Tous les garçons sont du même âge.
380147	Er spielt gut Tennis.	7696211	Il est bon au tennis.
1390571	Sie ging mit ihm in den Zoo.	1347275	Elle alla au zoo avec lui.
909878	Sie ist mit ihm in den Zoo gegangen.	1347276	Elle est allée au zoo avec lui.
8136126	Sie ist vorigen Montag mit ihm einkaufen gegangen.	1368958	Elle est allée faire des emplettes avec lui lundi dernier.
8136126	Sie ist vorigen Montag mit ihm einkaufen gegangen.	1368957	Elle est allée faire des courses avec lui lundi dernier.
8136129	Ich tauschte mit ihm Briefmarken.	7546	J'ai échangé des timbres avec lui.
8137376	In der Zeitung steht ein Bericht über das Oktoberfest.	8137373	Dans le journal il y a un article sur la fête de la bière.
8137394	Das Wetter soll schon lange nicht mehr so schön gewesen sein.	8137377	Il n'avait pas fait aussi beau depuis des années.
8137414	Schau mal! Hier in der Zeitung steht ein Bericht über das Oktoberfest. Das Wetter soll schon seit Jahren nicht mehr so schön gewesen sein.	8137409	Tiens ! Dans le journal il y a un article sur la fête de la bière. On dit qu'il n'avait pas fait aussi beau depuis des années.
8137563	Tom ist für sein Vaterland gestorben.	5139390	Thomas est mort pour la patrie.
8137565	Tom starb für sein Vaterland.	5139390	Thomas est mort pour la patrie.
8137678	Tom ist ein starker Mann.	4616946	Tom est un homme fort.
8137713	Ich will wissen, um wen es sich handelt.	2437837	Je veux savoir de qui il s'agit.
8137723	Ich dachte, du brauchtest Geld.	2046084	Je pensais que tu avais besoin d'argent.
8137723	Ich dachte, du brauchtest Geld.	2080800	J'ai pensé que tu avais besoin d'argent.
8137725	Ich dachte, Sie brauchten Geld.	2080797	Je pensais que vous aviez besoin d'argent.
8137725	Ich dachte, Sie brauchten Geld.	2080798	J'ai pensé que vous aviez besoin d'argent.
8137728	Ich dachte, ihr brauchtet Geld.	2080798	J'ai pensé que vous aviez besoin d'argent.
8137728	Ich dachte, ihr brauchtet Geld.	2080797	Je pensais que vous aviez besoin d'argent.
8137824	Daran habe ich nie gedacht.	2388284	Je n'ai jamais pensé à ça.
8137933	Tom ist naiv.	6684499	Tom est naïf.
3518417	Tom ist ein Idiot.	4025388	Tom est idiot.
8137963	Dieser Roman ist schwer zu verstehen.	442751	Ce roman est difficile à comprendre.
2730977	Ich bin taub.	5834932	Je suis sourde.
2730977	Ich bin taub.	5834931	Je suis sourd.
8138965	Die wollten wissen, was passiert war.	2310973	Ils voulaient savoir ce qui était arrivé.
8138965	Die wollten wissen, was passiert war.	2310972	Ils voulaient savoir ce qui s'était passé.
8138965	Die wollten wissen, was passiert war.	2310975	Elles voulaient savoir ce qui était arrivé.
8138965	Die wollten wissen, was passiert war.	2310974	Elles voulaient savoir ce qui s'était passé.
8138976	Du bist noch nicht soweit, oder?	5616234	Tu n'es pas encore prête, n'est-ce pas ?
8138976	Du bist noch nicht soweit, oder?	5616235	Tu n'es pas encore prêt, n'est-ce pas ?
8138982	Du bist noch nicht fertig, oder?	5616235	Tu n'es pas encore prêt, n'est-ce pas ?
8138982	Du bist noch nicht fertig, oder?	5616234	Tu n'es pas encore prête, n'est-ce pas ?
8138978	Sie sind noch nicht soweit, oder?	5616241	Vous n'êtes pas encore prêts, n'est-ce pas ?
8138978	Sie sind noch nicht soweit, oder?	5616240	Vous n'êtes pas encore prêt, n'est-ce pas ?
8138978	Sie sind noch nicht soweit, oder?	5616238	Vous n'êtes pas encore prêtes, n'est-ce pas ?
8138978	Sie sind noch nicht soweit, oder?	5616237	Vous n'êtes pas encore prête, n'est-ce pas ?
8138984	Sie sind noch nicht fertig, oder?	5616241	Vous n'êtes pas encore prêts, n'est-ce pas ?
8138984	Sie sind noch nicht fertig, oder?	5616240	Vous n'êtes pas encore prêt, n'est-ce pas ?
8138984	Sie sind noch nicht fertig, oder?	5616237	Vous n'êtes pas encore prête, n'est-ce pas ?
8138984	Sie sind noch nicht fertig, oder?	5616238	Vous n'êtes pas encore prêtes, n'est-ce pas ?
8138979	Ihr seid noch nicht soweit, oder?	5616241	Vous n'êtes pas encore prêts, n'est-ce pas ?
8138979	Ihr seid noch nicht soweit, oder?	5616238	Vous n'êtes pas encore prêtes, n'est-ce pas ?
8138983	Ihr seid noch nicht fertig, oder?	5616241	Vous n'êtes pas encore prêts, n'est-ce pas ?
8138983	Ihr seid noch nicht fertig, oder?	5616238	Vous n'êtes pas encore prêtes, n'est-ce pas ?
8139085	Sein kleiner Bruder ist ein berühmter Fußballspieler.	6371071	Son petit frère est un joueur de football célèbre.
8139086	Ihr kleiner Bruder ist ein berühmter Fußballspieler.	6371071	Son petit frère est un joueur de football célèbre.
8138998	Der Zug ist angekommen.	1316829	Le train est arrivé.
8139133	Der Zug ist pünktlich angekommen.	1335912	Le train est arrivé à temps.
1314810	Wohin bist du gegangen?	3982675	T’es allé où ?
1314810	Wohin bist du gegangen?	3982676	T’es allée où ?
8140018	Rate mal, wie viele Leute beim Oktoberfest waren!	8140017	Devine combien de personnes étaient à la fête de la bière ?
8140036	„Rate mal, wie viele Leute beim Oktoberfest waren!“ – „Keine Ahnung. Mehrere Millionen vermutlich.“	8140023	« Devine combien de personnes étaient à la fête de la bière ? » « Aucune idée, plusieurs millions vraisemblablement. »
8140042	Ist das nicht, was ich gerade gesagt habe?	7928299	N'est-ce pas ce que je viens de dire ?
8140308	Du bist noch immer mein Sohn.	3470492	Tu es toujours mon fils.
8140309	Der Film fängt um 10 Uhr an.	442795	Le film commence à dix heures.
8140354	Dies ist meine dritte Ehe.	7089237	C'est mon troisième mariage.
4804062	Du hast dein Bestes gegeben.	3470422	Tu as fait de ton mieux.
8140428	Was glaubst du, wer der Autor dieses Romans ist?	391457	Qui penses-tu être l'auteur de ce roman ?
5261847	Ich mag die Kälte.	1647812	J'aime le froid.
8142269	Komm her und iss Schokoladenkuchen!	4983168	Viens ici et mange du gâteau au chocolat.
8142281	Iss nicht ohne mich!	2402042	Ne mange pas sans moi !
8142282	Essen Sie nicht ohne mich!	2402041	Ne mangez pas sans moi !
8142283	Esst nicht ohne mich!	2402041	Ne mangez pas sans moi !
8142294	Sie geht gewöhnlich zu Fuß zur Schule.	4760135	Elle se rend d'ordinaire à l'école à pied.
8142367	Du brauchst nur Hilfe.	3470437	Tu as seulement besoin d'aide.
8142417	Alles ist am Platz.	4548494	Tout est en place.
1899442	Spielt sie gern Tante?	8142688	Aime-t-elle jouer à la tante ?
8142767	Kuck mal! In der Zeitung ist ein Artikel über das Bierfest. Das Wetter soll schon seit Jahren nicht mehr so schön gewesen sein.	8137409	Tiens ! Dans le journal il y a un article sur la fête de la bière. On dit qu'il n'avait pas fait aussi beau depuis des années.
6897096	Wer hat mich gesehen?	5662094	Qui m'a vu ?
8143428	Du willst doch nicht ins Gefängnis, oder?	2026524	Tu ne veux pas aller en prison, si ?
8144754	Da sind Kühe auf der Weide.	6859284	Il y a des vaches en train de brouter dans le pré.
8144766	Ich kann die Weste von meinem Dreiteiler einfach nicht finden.	867957	Je n'arrive pas à mettre la main sur le gilet de mon costume trois-pièces.
8144777	Für mich ist er weder Bruder noch einfacher Bekannter.	966047	Il n'est pour moi ni un frère ni une connaissance.
370202	Er fühlte sich sehr einsam.	3652303	Il s'est senti très seul.
8144785	Und Sie kennen mich überhaupt nicht?	3979802	Me connaissez-vous le moins du monde ?
8144790	Der schwarze Hund lief über die Wiese.	4954013	Le chien noir a couru dans le pré.
8144792	Hans sieht sich die Tulpe an.	5298095	Jean regarde la tulipe.
8144796	Ich frage mich, ob sie ihn heiratet.	4835447	Je me demande si elle l'épousera.
8144818	Der Krieg ist etwas Schreckliches!	6458606	Quelle terrible chose que la guerre !
8144819	Vielleicht haben Sie sich im Datum geirrt.	7050291	Peut-être que vous vous êtes trompés de jour.
8144823	Maria mag Countrymusik.	7074188	Marie aime la musique country.
8144833	Kannst du mir das noch einmal genauer erklären?	7141539	Est-ce que tu peux me donner une meilleure explication ?
8144834	Los, strengt euch mal an!	1654260	On s'en donne, du mal !
8146098	Ich danke Ihnen, dass Sie gekommen sind.	8146088	Je vous remercie d'être venu.
3866981	Ich bin schlauer als du.	8146191	Je suis plus malin que toi.
6688975	Habt ihr verstanden?	1996538	Avez-vous compris ?
8146252	Haben Sie verstanden?	1996538	Avez-vous compris ?
8146328	Ich gehe nicht ins Stadtbad, denn ich kann nicht schwimmen.	8146314	Je ne vais pas à la piscine municipale, car je ne sais pas nager.
8146350	Ich gehe nicht ins Stadtbad, weil ich nicht schwimmen kann.	8146314	Je ne vais pas à la piscine municipale, car je ne sais pas nager.
5682951	Sie unterhalten sich.	8146550	Ils bavardent.
1066483	Die Abenddämmerung rückte heran.	8146565	Le crépuscule est arrivé.
8146570	Sie unterhalten sich. Was kann sie ihm sagen?	8146562	Ils bavardent. Que peut-elle lui dire ?
3766431	Ihr hasst mich.	8146615	Vous me haïssez.
769957	Dieser Hund gehört dir.	8146673	Ce chien t'appartient.
3616265	Der Vater schläft nicht mehr.	8146681	Le père ne dort plus.
6334215	Meerwasser ist salzig.	7452357	L’eau de mer est salée.
6334215	Meerwasser ist salzig.	6758163	L'eau de mer est salée.
8146928	Bevor ich zum Arbeiten nach Paris fahre, muss ich mein Französisch verbessern.	7804272	Avant d'aller à Paris pour le travail, je dois améliorer mon français.
8147281	Rate mal, wer gewonnen hat!	5655770	Devine qui a gagné.
8147292	Ich hasse dieses Buch.	2334635	Je déteste ce livre.
8147292	Ich hasse dieses Buch.	2334634	Je déteste ce bouquin.
8147299	Die Kühlschranktür stand offen.	5342651	La porte du réfrigérateur était ouverte.
8150192	Da sind Kühe auf der Weide und fressen Gras.	6859284	Il y a des vaches en train de brouter dans le pré.
8151993	Wären Sie wohl so freundlich, das Fenster zu öffnen?	573868	Voudriez-vous ouvrir la fenêtre, je vous prie ?
623450	Er wird bald zurückkommen.	1793994	Il sera bientôt de retour.
910905	Er kommt gleich wieder.	1793994	Il sera bientôt de retour.
8152676	Ich brauche dringend frische Luft und was zu essen.	8152650	J'ai besoin d'urgence d'air frais et de quelque chose à manger.
4449105	Entschuldigen Sie! Könnte ich wohl einen Löffel bekommen?	4454488	Excusez-moi, est-ce que je pourrais avoir une cuillère ?
8153858	Es tut mir leid, aber das ist unmöglich.	127401	Je suis désolé mais c'est impossible.
8153858	Es tut mir leid, aber das ist unmöglich.	2846485	Je suis désolé, mais c'est impossible.
3275427	Heute beginnt der Rest deines Lebens.	7753526	Aujourd'hui commence le reste de ta vie.
8154236	Weißt du, wer wir sind?	6134173	Sais-tu qui nous sommes ?
8154240	Wisst ihr, wer wir sind?	6134172	Savez-vous qui nous sommes ?
8154243	Wissen Sie, wer wir sind?	6134172	Savez-vous qui nous sommes ?
613084	Dieses Kleid steht dir gut.	1257225	Cette robe te va bien.
8154877	Du kennst die Regeln.	7781683	Tu connais les règles.
8154894	Ich habe sein Haus leicht gefunden.	1461179	J'ai facilement trouvé sa maison.
8154895	Ich habe ihr Haus leicht gefunden.	1461179	J'ai facilement trouvé sa maison.
8154904	Die Schlacht dauerte eine Woche.	7889206	La bataille dura une semaine.
8154920	Und wenn du im Irak das Leben lässt?	2445212	Et si tu avais perdu la vie en Irak ?
8154949	Wie viele Betten gibt es im Haus?	2520420	Combien de lits y a-t-il dans la maison ?
8154961	Tom sagte mir, dass er Maria suche.	6461867	Tom m'a dit qu'il cherchait Mary.
873925	Heute bin ich mit dem Auto zur Arbeit gekommen.	1015179	Aujourd’hui, je suis venue au travail en voiture.
8154969	Wir schreiben zusammen Romane.	1200087	Nous écrivons des romans ensemble.
8154970	Je mehr ich sie kennenlerne, desto mehr liebe ich sie.	6306868	Plus je la connais, plus je l'aime.
8154972	Wir kennen uns ganz gut.	3141649	On se connaît assez bien.
8154977	Die fangen an, ihre eigenen Lügen zu glauben.	3233393	Ils se mettent à croire à leurs propres mensonges.
8154977	Die fangen an, ihre eigenen Lügen zu glauben.	3233394	Elles se mettent à croire à leurs propres mensonges.
8155323	Als wir vor zwei Jahren nach Mallorca gefahren sind, war meine Frau sehr enttäuscht.	8155311	Quand nous sommes allés à Majorque il y a deux ans, ma femme a été très déçue.
8155350	Meine Frau und ich wollen unseren 24. Hochzeitstag nicht auf den Balearen feiern, sondern in Paris.	8155342	Ma femme et moi ne souhaitons pas célébrer notre 24e anniversaire de mariage aux Baléares, mais à Paris.
8155374	Meine Frau und ich wollen unseren 24. Hochzeitstag auf den Balearen feiern.	8155368	Ma femme et moi voulons célébrer notre 24e anniversaire de mariage aux Baléares.
8155591	Dieses Steak ist sehr saftig.	7793358	Ce steak est très juteux.
1090227	Helga ist ein schwedischer Name.	1158274	Helga est un nom suédois.
8157405	Wer schläft in meinem Bett?	6884455	Qui dort dans mon lit ?
8157405	Wer schläft in meinem Bett?	466015	Qui est-ce qui dort dans mon lit ?
5653953	Wir haben eine neue Küche gekauft.	8159533	Nous avons acheté une nouvelle cuisine.
8159648	Was meinst du zu diesem Satz?	8159647	Que penses-tu de cette phrase ?
5455609	Ich lebe in Europa.	8159729	Je vis en Europe.
8160280	Hinter unserem Haus gibt es einen Park.	8160282	Derrière notre maison il y a un parc.
8160290	Hinter unserem Haus liegt ein Park.	8160282	Derrière notre maison il y a un parc.
8160287	Lernen sie Englisch?	8160288	Est-ce qu'ils apprennent l'anglais ?
8160293	Der Arzt verschrieb ihm Medikamente.	553608	Le médecin lui a prescrit des médicaments.
8159824	Hast du meine Nachricht bekommen?	7577959	As-tu reçu mon message ?
8160693	Das ist schwer, oder?	5375589	C'est difficile, n'est-ce pas ?
8160719	Ich will mehr Tage wie diesen.	2427366	Je veux davantage de journées telles que celle-ci.
416798	Niemand wohnt in diesem Haus.	2585082	Personne ne vit dans cette maison.
8161154	Ich wurde von Mücken gestochen.	6719	J'ai été piqué par des moustiques.
8161189	Muss ich sofort dorthin?	135881	Dois-je y aller tout de suite ?
8161192	Hast du ihn gestern angerufen?	1347715	L'as-tu appelé hier ?
8161196	Du bist nie glücklich gewesen.	4308089	Tu n'as jamais été heureux.
8161198	Sie sind nie glücklich gewesen.	4308091	Vous n'avez jamais été heureux.
8161201	Ich hörte ein merkwürdiges Geräusch.	4685279	J'ai entendu un bruit bizarre.
8161201	Ich hörte ein merkwürdiges Geräusch.	1369634	J'ai entendu un bruit étrange.
8161204	Sie trägt gerne dunkle Farben.	1511268	Elle aime porter des couleurs sombres.
8161211	Du darfst jetzt kucken.	3470468	Tu peux regarder, maintenant.
2947398	Dieser Tisch ist für sechs Personen.	139382	Cette table est pour six personnes.
8161435	Du kannst meinen Wagen nehmen.	1540528	Tu peux prendre ma voiture.
6108454	Er lebt wie ein Mönch.	4718585	Il vit comme un moine.
7590508	Sie sind verheiratet.	1108607	Ils se sont mariés.
7356424	Ich glaube nicht, dass mir jetzt jemand helfen kann.	2534634	Je ne pense pas que quiconque puisse actuellement m'aider.
8162453	Hast du meine Nachricht erhalten?	7577959	As-tu reçu mon message ?
8161204	Sie trägt gerne dunkle Farben.	1511282	Elle aime s'habiller en sombre.
8162542	Du musst das Leben nicht verstehen, dann wird es werden wie ein Fest.	8162707	Tu ne dois pas chercher à comprendre la vie, elle sera dès lors pour toi comme une fête.
8162907	Ich hätte dich um Rat fragen sollen.	1011402	J'aurais dû te demander conseil.
8162908	Ich hätte euch um Rat fragen sollen.	1011403	J'aurais dû vous demander conseil.
8162909	Ich hätte Sie um Rat fragen sollen.	1011403	J'aurais dû vous demander conseil.
8162939	Die Lehrer unterrichten den ganzen Tag.	237213	Les professeurs enseignent toute la journée.
8163454	Der Bus war fast leer.	5589071	Le bus était presque vide.
1726969	Ich bin überrascht, das zu erfahren.	1724268	Je suis surpris d'apprendre ça.
4081513	Ich rieche Kaffee.	4080784	Je sens le café.
2494215	In welchem Land wurden Sie geboren?	7790971	Dans quel pays êtes-vous né ?
2494215	In welchem Land wurden Sie geboren?	7790974	Dans quel pays êtes-vous née ?
2494215	In welchem Land wurden Sie geboren?	7790973	Dans quel pays êtes-vous nées ?
2494215	In welchem Land wurden Sie geboren?	7790972	Dans quel pays êtes-vous nés ?
8165257	In welchem Land wurdet ihr geboren?	7790972	Dans quel pays êtes-vous nés ?
8165257	In welchem Land wurdet ihr geboren?	7790973	Dans quel pays êtes-vous nées ?
8165456	Du hast das Zauberwort nicht gesagt.	2809253	Tu n'as pas dit le mot magique.
8165863	Solange es Leben gibt, gibt es auch Hoffnung.	4209	Tant qu'il y a de la vie, il y a de l'espoir.
3806970	Warum essen die Amerikaner zum Erntedankfest Truthahn?	958565	Pourquoi les Étasuniens mangent-ils de la dinde le jour d'action de grâce ?
8168915	Ich habe keinen Pass.	2421314	Je n'ai pas de passeport.
8168933	Dieser Fluss fließt in den Pazifik.	1432506	Ce fleuve se jette dans l'océan Pacifique.
2079487	Er hat keinen Hunger.	2070946	Il n'a pas faim.
3846109	Weißt du nicht, wer ich bin?	2041206	Ne sais-tu pas qui je suis ?
3846111	Wisst ihr nicht, wer ich bin?	2041208	Ne savez-vous pas qui je suis ?
3846110	Wissen Sie nicht, wer ich bin?	2041208	Ne savez-vous pas qui je suis ?
8168996	Tom wird keinen Durst haben.	2071173	Tom n'aura pas soif.
8169018	Wie kannst du das wissen?	2069575	Comment peux-tu savoir cela ?
8169019	Wie können Sie das wissen?	2069574	Comment pouvez-vous savoir cela ?
8169021	Wie könnt ihr das wissen?	2069574	Comment pouvez-vous savoir cela ?
8169034	Ich kenne Toms Telefonnummer nicht.	6045215	Je ne connais pas le numéro de téléphone de Tom.
6604391	Ich habe heute ein Dutzend Bleistifte gekauft.	9756	J'ai acheté une douzaine de crayons aujourd'hui.
8170279	Es gibt so viel, was ich dir erzählen möchte!	2019604	Il y a tant que je veuille te dire !
8170280	Es gibt so viel, was ich euch erzählen möchte!	2019606	Il y a tant que je veuille vous dire !
8170291	Ich will nicht, dass Tom ins Gefängnis kommt.	6593897	Je ne veux pas que Tom aille en prison.
8170302	Diese Schlipse sind zu verkaufen.	3925683	Ces cravates sont à vendre.
8170311	Die Entdecker erreichten endlich ihr Ziel.	2329437	Les explorateurs ont finalement atteint leur but.
8170312	Die Entdeckerinnen erreichten endlich ihr Ziel.	2329436	Les exploratrices atteignirent finalement leur but.
7354592	Ich habe einen Regenschirm gekauft.	3471057	J'ai acheté un parapluie.
741672	Ist er in Japan beliebt?	8171139	Est-il aimé au Japon ?
4798152	Ich habe meinen Regenschirm im Zug vergessen.	8080151	J'ai laissé mon parapluie dans le train.
1808647	Wer hilft ihr?	5387528	Qui l'aide ?
7295886	Ich bin etwas spät dran.	7886950	Je suis un peu en retard.
8172286	Tom hasst mich ebensosehr wie ich ihn.	5803746	Tom me déteste autant que je le déteste.
8172323	Kuck mich an!	1103548	Regarde-moi !
8172323	Kuck mich an!	588044	Regarde-moi.
1019340	Ich spiele morgen Tennis.	7885366	Je vais jouer au tennis demain.
8173047	Es ist geschehen.	5150046	C'est arrivé.
838561	Wir haben den Unfall eigentlich gar nicht gesehen.	1188230	En fait, nous n'avons pas vu l'accident.
8173183	Was passiert in Algerien?	7867368	Qu'est-ce qui se passe en Algérie ?
8173245	Wir haben diese Versprechungen schon einmal gehört.	7967099	Nous avons déjà entendu ces promesses.
8173265	Ich will das essen.	7669365	Je veux manger ça.
8173275	Das Mobiltelefon ist eine Erfindung, ohne die wir nicht auskommen können.	4546819	Le téléphone portable est une invention dont l'on ne peut pas se passer.
8173276	Das Mobiltelefon ist eine Erfindung, auf die wir nicht verzichten können.	4546819	Le téléphone portable est une invention dont l'on ne peut pas se passer.
8173303	Ich lese Bücher.	1811648	Je lis des livres.
8174814	Es geht etwas Seltsames vor sich.	6556233	Il se passe quelque chose de bizarre.
8174814	Es geht etwas Seltsames vor sich.	3481800	Il se passe quelque chose d’étrange.
8174814	Es geht etwas Seltsames vor sich.	6560547	Il se passe quelque chose d'étrange.
8174824	Du kannst das Klavier nicht ganz allein heben.	970876	Tu ne peux pas soulever le piano tout seul.
4442547	Ich liebe diese Sprache.	4436066	J'adore cette langue.
8174866	Der Hund ist grün und schön.	4107623	Le chien est vert et beau.
8174869	Das Telefonat brach ab.	879256	La communication téléphonique a été rompue.
8174870	Sie kann sehr gut singen und tanzen.	881079	Elle chante et danse très bien.
8174876	Ich habe heute Nacht nicht geschlafen.	1286631	Je n'ai pas dormi cette nuit.
8174903	Ich bin anders.	2965263	Je suis différente.
8174939	Sie weigerte sich, mehr darüber zu sagen.	7811158	Elle refusa d'en dire plus.
8174954	Ich habe keine Antwort.	2421327	Je n'ai pas de réponse.
8174994	Ich wollte mich erinnern.	4692230	Je voulais me souvenir.
8176385	Sie sind zu Hause angekommen.	8176376	Ils sont arrivés à la maison.
8176450	Ich sah einen Jäger auf einen Hasen schießen.	8176447	J'ai vu un chasseur tirer sur un lièvre.
8176472	Ich sah einen Jäger auf einen Hasen schießen. Der Hase ist tot umgefallen.	8176458	J'ai vu un chasseur tirer sur un lièvre. Le lièvre est tombé raide mort.
1408156	Wir essen um 21 Uhr Abendbrot.	8176491	Nous dînons à 21 heures.
5193714	Mein Haus ist meine Burg.	8176505	Ma maison est mon château fort.
7427034	Ich wohne in einem kleinen Haus in der Parkstraße.	8176519	J'habite une petite maison dans la rue du Parc.
2158818	Brauchst du unsere Hilfe noch?	8176534	As-tu encore besoin de notre aide ?
6698179	Um wie viel Uhr wird dieses Museum schließen?	8176536	À quelle heure ferme ce musée ?
2770744	Geh schlafen, Tom! Du musst morgen früh aufstehen!	8176544	Va dormir, Tom ! Tu dois te lever tôt demain !
8176838	Dieser Name ist mir nicht ganz unbekannt.	8176836	Ce nom ne m'est pas complètement inconnu.
8132434	Ich weiß, dass ich mindestens acht Stunden am Tag schlafen sollte, aber ich schlafe gewöhnlich weniger.	8176948	Je sais que je devrais dormir au moins huit heures par jour, mais je dors habituellement moins.
8175052	„Nimm’s doch mit Humor, Tom!“ – „Ich pfeife auf Humor!“	8176965	« Prends ça avec humour, Tom ! » — « L’humour, je m’en balance ! »
8175073	Die brauchen mich nicht und die wollen mich nicht. Also bleibe ich zu Hause.	8176969	Ils n'ont pas besoin de moi et ils ne veulent pas de moi. Je reste donc chez moi.
8175283	Warum sprichst du nicht einfach mit Tom darüber?	8176972	Pourquoi n'en parles-tu pas tout simplement avec Tom ?
8175285	Warum sprecht ihr nicht einfach mit Tom darüber?	8176974	Pourquoi n'en parlez-vous pas tout simplement avec Tom ?
8175300	Trockne deine Tränen!	8176978	Sèche tes larmes !
8175301	Trocknen Sie Ihre Tränen!	8176979	Séchez vos larmes !
8176981	Trocknet eure Tränen!	8176979	Séchez vos larmes !
8177618	Ich bin immer noch müde.	7238342	Je suis encore fatigué.
8177646	Kinder, wacht auf! Es ist halb sieben, ihr müsst aufstehen.	8177635	Les enfants, réveillez-vous ! Il est six heures et demie, vous devez vous lever.
8177665	Ich habe euch vor einer Viertelstunde geweckt.	8177657	Je vous ai réveillés il y a un quart d'heure.
8177689	Kinder, wacht auf! Es ist halb sieben, ihr müsst aufstehen. Ich habe euch schon vor einer Viertelstunde geweckt.	8177680	Les enfants, réveillez-vous ! Il est six heures et demie, vous devez vous lever. Je vous ai déjà réveillés il y a un quart d'heure.
1712935	Sie kommen spät zur Feier.	1704197	Vous êtes en retard à la fête.
1712920	Du kommst spät zur Feier.	1704196	Tu es en retard à la fête.
612847	Ich weiß nicht, ob sie kommt.	8179219	Je ne sais pas si elle vient.
8179240	Herzliche Glückwünsche zum Geburtstag.	8179236	Cordiales félicitations pour votre anniversaire.
8179264	Herzliche Glückwünsche zum Geburtstag, Herr Poppins.	8179258	Cordiales félicitations pour votre anniversaire, Monsieur Poppins.
8179275	Noch nachträglich herzlichen Glückwunsch zum Geburtstag, Herr Poppins! Sie sind doch gestern 75 Jahre alt geworden, nicht wahr?	8179270	Cordiales félicitations pour votre anniversaire, Monsieur Poppins. En effet, vous avez eu 75 ans hier, n'est-ce pas ?
8179766	Wir sind keine Anfänger.	8179759	Nous ne sommes pas des débutants.
8179782	Seit heute Morgen wird das Hotel von der Polizei bewacht.	8179774	Depuis ce matin, l'hôtel est surveillé par la police.
1687843	Das ist nicht mein Stil.	1664392	Ce n'est pas mon style.
8181054	Ich habe immer noch keine Angst.	8165985	Je n'ai toujours pas peur.
8181074	Hast du schon eine Fahrkarte?	8181066	As-tu déjà un ticket ?
8181127	Achtung, keine Panik!	8181126	Attention, pas de panique !
8181142	Wir sind so weit, die ganze Familie ist versammelt: es kann gesungen werden.	8181136	Nous y sommes, toute la famille est rassemblée : on peut chanter.
8181157	„In welchem Stock wohnen Sie?“ – „Im neunten.“ – „Dann wohnen wir übereinander!“	8181146	« À quel étage habitez-vous ? » « Au neuvième. » « Alors nous vivons l'un au-dessus de l'autre ! »
1341227	Ich werde mein Bestes geben.	1099759	Je ferai de mon mieux.
8182049	Frau Braun ist zweifellos Schauspielerin.	1683313	Mme Brown est sans doute actrice.
6644212	Ich liebe Boston.	4811785	J'adore Boston.
7064785	Tom ist mein Ehemann.	5912856	Tom est mon mari.
7064785	Tom ist mein Ehemann.	7665358	Tom est mon époux.
8182935	Jeder versteht mit ein bisschen Überlegung, dass reich werden Geld kostet.	8182926	Tout le monde comprend, avec un peu de réflexion, que devenir riche coûte de l'argent.
8182940	Wenn ich einen Friseursalon eröffnen will, brauche ich ein Diplom.	8182939	Si je veux ouvrir un salon de coiffure, j'ai besoin d'un diplôme.
8183057	Man muss reich sein, um es zu werden.	8183054	Il faut être riche pour le devenir.
8183786	Wie lautet das griechische Wort für „Eule“?	3220934	Quel est le mot grec pour « hibou » ?
8183890	Ich schreibe auch gerne.	5550531	J'aime également écrire.
8183903	Man glaubte, er sei im Zweiten Weltkrieg umgekommen.	132923	On pensait qu'il avait été tué pendant la Seconde Guerre Mondiale.
8183977	Wir können noch keinen Friseursalon eröffnen: uns fehlt das Kapital.	8183960	Nous ne pouvons pas encore ouvrir un salon de coiffure : il nous manque les capitaux.
8184311	Er wollte wissen, was geschehen war.	2310980	Il voulait savoir ce qui s'était passé.
8184311	Er wollte wissen, was geschehen war.	2310979	Il voulait savoir ce qui était arrivé.
8184312	Warum sind alle so glücklich?	7794859	Pourquoi est-ce que tout le monde est si heureux ?
8184737	Sie macht sich überhaupt keine Sorgen.	6202314	Elle ne s'inquiète point.
8184740	Haben Sie eine Ahnung, was dieses Auto kostet?	7357498	Avez-vous une idée de prix de cette voiture?
8184751	Wir verstehen nicht, warum die Steuern steigen.	6117388	Nous ne comprenons pas pourquoi les impôts augmentent.
8184767	Ich wurde 1980 geboren.	3704667	Je suis née en 1980.
8184767	Ich wurde 1980 geboren.	3704666	Je suis né en 1980.
7871547	Guten Abend, Schatz!	8184964	Bonsoir, mon trésor !
8184982	Du bist ein Schatz, mein Liebling.	8184972	Tu es un trésor, ma chérie.
8186250	Das Undenkbare ist geschehen.	6684475	L'impensable se produisit.
8186250	Das Undenkbare ist geschehen.	6684474	L'impensable s'est produit.
8186251	Es ist das Undenkbare geschehen.	6684475	L'impensable se produisit.
8186251	Es ist das Undenkbare geschehen.	6684474	L'impensable s'est produit.
8186268	Ist das illegal?	3561993	Est-ce illégal ?
8186428	Ich mag die nicht so gerne leiden.	4050101	Je ne les aime pas tellement.
8186700	Ich spreche wahrscheinlich besser Französisch als Tom.	5643892	Je parle probablement mieux français que Tom.
7712231	Sie ist Physikerin.	5822194	Elle est physicienne.
8186719	Sie will Ärztin werden.	3217326	Elle souhaite devenir médecin.
8187104	Ich bin froh, endlich zu Hause zu sein! Ich hatte einen sehr anstrengenden Tag. Und wie geht es dir?	8187110	Je suis content d'être enfin à la maison ! J'ai eu une journée épuisante. Et toi comment vas-tu ?
8187121	Das Unglück einiger macht das Glück anderer.	1050544	Le malheur des uns fait le bonheur des autres.
8187135	Das Glück im Leben hängt von den guten Gedanken ab, die man hat.	8187130	Le bonheur dans la vie dépend des bonnes pensées que l'on a.
2415561	Das Glück ist blind.	8187137	Le bonheur est aveugle.
3044329	Das ist nicht meine Meinung.	8187145	Ce n'est pas mon point de vue.
8188942	Lucia kennt Maria.	5244757	Lucie connaît Marie.
8188944	Jetzt wissen wir nicht, was wir tun sollen.	2022364	Maintenant nous ne savons pas quoi faire.
1589465	Ich mag keine Schokolade.	1835401	Je n'apprécie pas le chocolat.
1589465	Ich mag keine Schokolade.	1835400	Je n'aime pas le chocolat.
8188966	Tom ist Dirigent.	6697803	Tom est chef d'orchestre.
8189816	Also Jungs, wir müssen miteinander sprechen.	8189804	Bon les gars, il faut qu'on parle.
3130142	Hat Tom schon einmal eine Kanadierin mit Namen Maria erwähnt?	8189873	Tom a-t-il jamais mentionné une Canadienne du nom de Manon ?
